Compound,Negative,Neutral,Positive,ScreenName,SearchTerm,Text,TweetDate,TweetsAgo
-0.9524,0.472,0.528,0.0,CBSNews,@CBSNews,"Texas executes Danny Paul Bible for 1979 rape, murder in Houston. The inmate was accused of four killings and at le‚Ä¶ https://t.co/PP9IRZwuvE",2018-06-28 02:19:31+00:00,1
0.0,0.0,1.0,0.0,CBSNews,@CBSNews,"Video shows a California woman berating a Latino man, calling Mexicans ""rapists"" and ""animals,"" and later defending‚Ä¶ https://t.co/p8wQVGDiGA",2018-06-28 02:00:45+00:00,2
-0.1091,0.153,0.641,0.206,CBSNews,@CBSNews,"LIP SYNC BATTLE (again!): A new challenger has entered the hilarious, viral competition among Texas police officers‚Ä¶ https://t.co/CadEAZ2qZN",2018-06-28 01:40:25+00:00,3
0.0,0.0,1.0,0.0,CBSNews,@CBSNews,"President Trump is likely to name former Fox News co-president Bill Shine to be his new communications director, a‚Ä¶ https://t.co/GnHuV9RNQz",2018-06-28 01:19:54+00:00,4
0.5574,0.0,0.859,0.141,CBSNews,@CBSNews,"""We have to pick one that's going to be there for 40 years, 45 years,"" President Trump says about Supreme Court Jus‚Ä¶ https://t.co/tbUgAuZ8BM",2018-06-28 01:09:50+00:00,5
0.4404,0.0,0.838,0.162,CBSNews,@CBSNews,Barbie in STEM: New Mattel doll encourages girls to pursue career as a robotics engineer https://t.co/by2iMM2iXi https://t.co/db0HDZwNyr,2018-06-28 01:00:01+00:00,6
-0.3818,0.167,0.833,0.0,CBSNews,@CBSNews,What does Alexandria Ocasio-Cortez's primary upset in New York mean for Democrats? https://t.co/iKrpQjyvHL https://t.co/xfa5BvmWkT,2018-06-28 00:40:01+00:00,7
-0.296,0.095,0.905,0.0,CBSNews,@CBSNews,"At North Dakota stop, President Trump claims his rallies are the reason why NFL ratings are down: ""They find this m‚Ä¶ https://t.co/D0SIEmWRxp",2018-06-28 00:32:41+00:00,8
-0.6908,0.363,0.637,0.0,CBSNews,@CBSNews,Pittsburgh officer charged in shooting death of unarmed black teen https://t.co/JiGvVQw3sk https://t.co/nSdFZkyPz2,2018-06-28 00:19:32+00:00,9
0.5423,0.0,0.71,0.29,CBSNews,@CBSNews,"LIVE: President Trump greets supporters at rally in Fargo, North Dakota https://t.co/ln7yjZwJKQ https://t.co/jz8YqjNBaG",2018-06-28 00:16:19+00:00,10
0.7906,0.0,0.696,0.304,CBSNews,@CBSNews,President Trump says he will pick retiring Supreme Court Justice Kennedy's replacement from a list the White House‚Ä¶ https://t.co/m3fiLvMyYy,2018-06-28 00:01:59+00:00,11
-0.4767,0.162,0.838,0.0,CBSNews,@CBSNews,Ten-term Democratic Congressman Joe Crowley was defeated in New York City by newcomer 28-year-old Alexandria Ocasio‚Ä¶ https://t.co/UmcOboxwca,2018-06-27 23:43:21+00:00,12
-0.3804,0.135,0.794,0.071,CBSNews,@CBSNews,The U.S. was just ranked as one of the top 10 most dangerous countries for women for the first time ever:‚Ä¶ https://t.co/0VgA8p9SSN,2018-06-27 23:40:15+00:00,13
0.7906,0.0,0.741,0.259,CBSNews,@CBSNews,"Sen. Schumer says it would be the ""height of hypocrisy"" for the Senate to vote on a new Supreme Court justice befor‚Ä¶ https://t.co/a1oYJ6MriW",2018-06-27 23:20:43+00:00,14
-0.5574,0.153,0.847,0.0,CBSNews,@CBSNews,"FIRST LOOK: See Kristen Wiig as the villain Barbara Minerva, also known as Cheetah, in a scene from ""Wonder Woman 1‚Ä¶ https://t.co/9ZKzGeNFlh",2018-06-27 23:19:32+00:00,15
0.3612,0.096,0.742,0.162,CBSNews,@CBSNews,"It is no secret former President George H.W. Bush loves wearing distinctive socks. 

Where does he get them?‚Ä¶ https://t.co/tXokiifVtp",2018-06-27 23:03:14+00:00,16
0.3818,0.0,0.88,0.12,CBSNews,@CBSNews,The fate of a dozen youth soccer players and their coach in Thailand has captivated people around the world. Millio‚Ä¶ https://t.co/E6CDyc8XVo,2018-06-27 22:55:46+00:00,17
-0.5423,0.171,0.829,0.0,CBSNews,@CBSNews,Pennsylvania authorities released video of the drive-by shooting shooting that led to the fatal police shooting of‚Ä¶ https://t.co/dKgkGXGf96,2018-06-27 22:52:02+00:00,18
-0.4767,0.181,0.819,0.0,CBSNews,@CBSNews,"Near the Texas border, @DavidBegnaud rode along as officials busted a migrant smuggling stash house. https://t.co/5T60uzt6TA",2018-06-27 22:48:11+00:00,19
0.0,0.0,1.0,0.0,CBSNews,@CBSNews,".@Ocasio2018 beat veteran New York Congressman Joe Crowley in a Democratic primary. If elected in November, she wou‚Ä¶ https://t.co/NMfI7QZz8u",2018-06-27 22:44:47+00:00,20
0.0,0.0,1.0,0.0,CBSNews,@CBSNews,"The president has his eyes set on a meeting with his Russian counter-part, Vladimir Putin. The date and location wi‚Ä¶ https://t.co/jqw89dThaN",2018-06-27 22:40:04+00:00,21
0.5267,0.0,0.861,0.139,CBSNews,@CBSNews,"Justice Anthony Kennedy said today he is retiring after three decades on the high court. Kennedy, who is 81 now, he‚Ä¶ https://t.co/zLKlAplslO",2018-06-27 22:38:17+00:00,22
0.0,0.0,1.0,0.0,CBSNews,@CBSNews,"""Permit Patty"" steps down as CEO of cannabis company after massive internet backlash resulted in her products being‚Ä¶ https://t.co/nPTqV9CyIo",2018-06-27 22:19:31+00:00,23
0.5267,0.0,0.855,0.145,CBSNews,@CBSNews,"Long considered a swing vote on the court, Justice Kennedy was often the deciding vote in cases that changed the co‚Ä¶ https://t.co/nQajiKI5EN",2018-06-27 22:05:01+00:00,24
0.2944,0.0,0.891,0.109,CBSNews,@CBSNews,"""[Rep. Crowley] doesn't live there. And she turned that into a very compelling campaign message about the need for‚Ä¶ https://t.co/NVMqwW3IF0",2018-06-27 21:50:26+00:00,25
0.0,0.0,1.0,0.0,CBSNews,@CBSNews,"RT @CBSEveningNews: One famous customer helped put this entrepreneur on the map. @JimAxelrod introduces you to John Cronin, who with his da‚Ä¶",2018-06-27 21:44:47+00:00,26
0.9337,0.0,0.561,0.439,CBSNews,@CBSNews,"Elwood on Justice Kennedy's legacy: ""I think his legacy is one of liberty ‚Äì‚Äì being a champion for the liberty of Am‚Ä¶ https://t.co/fk8YKHC0X7",2018-06-27 21:42:59+00:00,27
-0.7184,0.286,0.714,0.0,CBSNews,@CBSNews,Lifeguards in Florida are warning beachgoers about sea lice ‚Äî microscopic pests that cause nasty rashes underneath‚Ä¶ https://t.co/Fu6UjaLIjN,2018-06-27 21:39:49+00:00,28
0.1531,0.0,0.885,0.115,CBSNews,@CBSNews,"""[Democrats] want it out there and they want it part of the conversation that Republicans set up some rules and the‚Ä¶ https://t.co/G0ZFBz4KSe",2018-06-27 21:32:03+00:00,29
0.0,0.0,1.0,0.0,CBSNews,@CBSNews,WATCH: CBS News airs first unfiltered look inside a facility for immigrant children separated from their families.‚Ä¶ https://t.co/Zmr0CJonCG,2018-06-27 21:25:35+00:00,30
0.8442,0.0,0.606,0.394,CBSNews,@CBSNews,".@daveweigel on significance of President Trump nominating second Supreme Court justice: ""Well, it's -- it's someth‚Ä¶ https://t.co/vtU8vtFtBQ",2018-06-27 21:22:41+00:00,31
0.5267,0.0,0.855,0.145,CBSNews,@CBSNews,"@CBSNews¬†Elwood on Justice Kennedy: ""I think the last time I spoke with him was probably at our law clerk reunion.‚Ä¶ https://t.co/4WD85JkxIC",2018-06-27 21:14:45+00:00,32
0.6705,0.0,0.784,0.216,CBSNews,@CBSNews,"John Elwood, former clerk for Justice Kennedy, on why he decided to retire: ""Well it's the right time for him. He's‚Ä¶ https://t.co/lTcym2ZL56",2018-06-27 21:10:51+00:00,33
0.5267,0.0,0.833,0.167,CBSNews,@CBSNews,"Q: Do you expect this confirmation [for Justice Kennedy's replacement] to happen before the midterms? 

@JanCBS: Ye‚Ä¶ https://t.co/RC0b5s8TsW",2018-06-27 21:08:11+00:00,34
0.7906,0.0,0.731,0.269,CBSNews,@CBSNews,Justice Kennedy's most pivotal swing votes and what his retirement means for the future of the Supreme Court on a s‚Ä¶ https://t.co/uiSvfY3Q4E,2018-06-27 21:00:01+00:00,35
0.4404,0.0,0.854,0.146,CBSNews,@CBSNews,"A 12-year-old boy, who went viral for his Michael Jackson dance moves, received ""thrilling"" gift from a police offi‚Ä¶ https://t.co/ExpV9ubLjb",2018-06-27 20:44:49+00:00,36
-0.8126,0.346,0.654,0.0,CBSNews,@CBSNews,American farmers are killing themselves in staggering numbers and the reasons why are tragic https://t.co/dhR5kWs9oJ https://t.co/VK4KUVMiWa,2018-06-27 20:25:16+00:00,37
0.5267,0.0,0.855,0.145,CBSNews,@CBSNews,"Justice Kennedy's departure will be a massive change for the high court, where he has been the crucial swing vote f‚Ä¶ https://t.co/XsK7B9VAUH",2018-06-27 20:09:39+00:00,38
0.0,0.0,1.0,0.0,CBSNews,@CBSNews,"Atlanta 6-year-old with lemonade stand raises $13,000 for separated migrant families https://t.co/Tj0u6SfVOF https://t.co/X0kItvafL2",2018-06-27 19:49:46+00:00,39
0.5267,0.0,0.825,0.175,CBSNews,@CBSNews,"President Trump calls retiring Justice Kennedy a ""spectacular man,"" says search for his replacement will ""begin imm‚Ä¶ https://t.co/CWgdkQ103O",2018-06-27 19:45:38+00:00,40
0.7906,0.0,0.696,0.304,CBSNews,@CBSNews,"Justice Anthony Kennedy, a key swing vote on the Supreme Court, has announced his retirement, handing President Tru‚Ä¶ https://t.co/r7CoKExGYm",2018-06-27 19:30:12+00:00,41
0.6486,0.0,0.725,0.275,CBSNews,@CBSNews,"""We will vote to confirm Justice Kennedy's successor this fall,"" Sen. Mitch McConnell says https://t.co/2qLebqsuKo https://t.co/Y1I1tQ1WXp",2018-06-27 19:23:26+00:00,42
0.296,0.0,0.833,0.167,CBSNews,@CBSNews,NASA shares awe-inspiring photo of blue sand dune on Mars üëΩhttps://t.co/i4cE5O7ZNc https://t.co/UZE89pWe2i,2018-06-27 19:10:01+00:00,43
-0.7506,0.316,0.684,0.0,CBSNews,@CBSNews,‚ÄúThat was a shocker for Crowley to lose that election‚Ä¶ I can‚Äôt say I was disappointed because I was never a big fan‚Ä¶ https://t.co/nnMwOqNDXx,2018-06-27 18:59:11+00:00,44
0.1695,0.0,0.919,0.081,CBSNews,@CBSNews,"""I have a suggestion, if you're going to meet Mr. Putin,"" the president of Portugal tells @POTUS. ""Don't forget [to‚Ä¶ https://t.co/1tzExEZM9X",2018-06-27 18:54:29+00:00,45
0.5563,0.0,0.848,0.152,CBSNews,@CBSNews,"""We believe families should be together,"" @POTUS says. ""But what we really do believe is in very strong borders, no‚Ä¶ https://t.co/BX87JSMbLr",2018-06-27 18:49:35+00:00,46
0.0,0.0,1.0,0.0,CBSNews,@CBSNews,"""John Bolton is over there [in Russia] right now... he's met with President Putin. I haven't gotten the full report‚Ä¶ https://t.co/ZNyF50p7ud",2018-06-27 18:47:19+00:00,47
0.9001,0.0,0.633,0.367,CBSNews,@CBSNews,"""I think [Russia is] doing a fantastic job with the World Cup right now... My son loves soccer and he loves watchin‚Ä¶ https://t.co/c9kAsDG5pg",2018-06-27 18:43:55+00:00,48
0.7964,0.0,0.677,0.323,CBSNews,@CBSNews,"""He is a man who has displayed great vision, tremendous vision and tremendous heart. And he will be missed,"" @POTUS‚Ä¶ https://t.co/DH0NzTcEhA",2018-06-27 18:41:43+00:00,49
0.7783,0.0,0.714,0.286,CBSNews,@CBSNews,"""Our search for a new Justice will begin immediately,"" @POTUS says after Justice Kennedy announces his plan to reti‚Ä¶ https://t.co/XdSlxRz4R1",2018-06-27 18:29:35+00:00,50
0.7906,0.0,0.741,0.259,CBSNews,@CBSNews,"How long will it take to fill Justice Kennedy's Supreme Court seat?

""Not that long. I would expect you will see a‚Ä¶ https://t.co/1PGoJsjFTG",2018-06-27 18:20:49+00:00,51
0.296,0.102,0.741,0.157,CBSNews,@CBSNews,"""Justice Kennedy was a conservative, no doubt,"" @JanCBS says. However, ""sometimes he would side with liberals on th‚Ä¶ https://t.co/pHo221aN9b",2018-06-27 18:18:57+00:00,52
0.0,0.0,1.0,0.0,CBSNews,@CBSNews,‚ÄúJustice Kennedy had been saying privately that he was considering retirement... This gives Pres. Trump his 2nd nom‚Ä¶ https://t.co/W2pNTUFohj,2018-06-27 18:16:53+00:00,53
0.0,0.0,1.0,0.0,CBSNews,@CBSNews,MORE: 81-year-old Kennedy has widely been seen as a moderate swing vote on the court https://t.co/2qLebqsuKo https://t.co/Ndmf7FTvXC,2018-06-27 18:12:15+00:00,54
0.91,0.0,0.528,0.472,CBSNews,@CBSNews,"JUST IN: Supreme Court Justice Anthony Kennedy announces he is retiring, effective July 31, giving President Trump‚Ä¶ https://t.co/TM4ilY1aei",2018-06-27 18:08:30+00:00,55
-0.4215,0.203,0.797,0.0,CBSNews,@CBSNews,"JUST IN: House vote on GOP immigration bill fails, 121-301 https://t.co/aYg8cInOx8 https://t.co/Na0DLrLT1H",2018-06-27 17:57:26+00:00,56
-0.4497,0.193,0.753,0.054,CBSNews,@CBSNews,"Jeff Sessions mocks liberals on ""lunatic fringe"" over family separation: ""They want borders in their lives but not‚Ä¶ https://t.co/GMjyg2PJzO",2018-06-27 17:45:20+00:00,57
-0.7717,0.412,0.588,0.0,CBSNews,@CBSNews,Suspect in deadly 2017 Charlottesville car rampage charged with federal hate crimes https://t.co/oS0UBLSUwA https://t.co/WCroC1hLc1,2018-06-27 17:29:31+00:00,58
0.34,0.0,0.882,0.118,CBSNews,@CBSNews,WATCH: Russian President Putin and National Security Adviser John Bolton have met for the first time ‚Äî and decided‚Ä¶ https://t.co/X8qHyFHLRr,2018-06-27 17:15:02+00:00,59
0.3252,0.0,0.794,0.206,CBSNews,@CBSNews,Oklahoma voters approve medical marijuana despite bitter opposition https://t.co/SMeB3q4VXR https://t.co/R3fhzYNFJB,2018-06-27 17:00:01+00:00,60
-0.7906,0.28,0.72,0.0,CBSNews,@CBSNews,"FINAL FAREWELL: Thousands gather for the funeral of NY teen Lesandro ""Junior"" Guzman-Feliz, who was killed in the B‚Ä¶ https://t.co/zpkKHLHMV5",2018-06-27 16:45:25+00:00,61
0.0,0.0,1.0,0.0,CBSNews,@CBSNews,"Joe Jackson, father of the late Michael Jackson and Janet Jackson and the mastermind behind The Jackson 5, has died‚Ä¶ https://t.co/gQzMVFEL1n",2018-06-27 16:43:45+00:00,62
0.5574,0.0,0.845,0.155,CBSNews,@CBSNews,"""You are not afraid to speak the truth, and the truth as you know it. And to stand up for what you know is right, e‚Ä¶ https://t.co/bPfp9HjXoi",2018-06-27 16:28:38+00:00,63
0.9081,0.0,0.648,0.352,CBSNews,@CBSNews,"""Let the rich guys do it. We have all these rich guys, they love rockets...Bezos and Elon Musk and all of them, the‚Ä¶ https://t.co/jElZKMPo2a",2018-06-27 16:24:51+00:00,64
0.0,0.0,1.0,0.0,CBSNews,@CBSNews,WATCH: President Trump is making remarks at an event for young Americans. About 100 generation Z and millennials ar‚Ä¶ https://t.co/BZw9K59rWx,2018-06-27 16:22:00+00:00,65
-0.3612,0.106,0.894,0.0,CBSNews,@CBSNews,"TEACHER TO THE END: In lieu of flowers, this teacher asked people to fill her funeral with backpacks of school supp‚Ä¶ https://t.co/iFy1yjvAMw",2018-06-27 15:29:47+00:00,66
-0.2263,0.181,0.717,0.101,CBSNews,@CBSNews,WATCH: Officials in Pittsburgh are giving an update on charges against the police officer accused of shooting and k‚Ä¶ https://t.co/1xDuI4tg0K,2018-06-27 15:02:01+00:00,67
-0.4767,0.205,0.795,0.0,CBSNews,@CBSNews,Investigators arrested while probing Ivanka Trump's Chinese suppliers now off bail https://t.co/tXoXohnTOT https://t.co/KC7Ek8sLgZ,2018-06-27 14:44:33+00:00,68
-0.8442,0.363,0.637,0.0,CBSNews,@CBSNews,NEW: East Pittsburgh Officer Michael Rosfeld has been charged with criminal homicide in the death of 17-year-old An‚Ä¶ https://t.co/IQmBv8meoK,2018-06-27 14:29:58+00:00,69
-0.128,0.16,0.7,0.14,CBSNews,@CBSNews,"The 5-4 decision by the Supreme Court could devastate clout of public sector unions in states including Illinois, N‚Ä¶ https://t.co/spT15ftRa2",2018-06-27 14:25:51+00:00,70
0.4939,0.056,0.8,0.144,CBSNews,@CBSNews,NEW: The Supreme has ruled that states can't force non-union workers to pay union fees. This is seen as a major set‚Ä¶ https://t.co/te9Ivz3r4j,2018-06-27 14:15:15+00:00,71
0.0,0.0,1.0,0.0,CBSNews,@CBSNews,"Russia calls for retaliation against U.S. steel, aluminum tariffs https://t.co/ET5BgJnGSn https://t.co/wJ0jxXPJtI",2018-06-27 14:14:44+00:00,72
0.0772,0.087,0.809,0.104,CBSNews,@CBSNews,Bargain basement bud: Pot shops in California are cutting prices ahead of new rules https://t.co/I30Gpl0R6R https://t.co/SIwYieS71D,2018-06-27 13:59:56+00:00,73
-0.3818,0.194,0.806,0.0,CBSNews,@CBSNews,Tracy Morgan warns his younger self about the one thing that can stop him (via @CBSThisMorning)‚Ä¶ https://t.co/Wz1m5Rejgz,2018-06-27 13:45:01+00:00,74
-0.3818,0.191,0.809,0.0,CBSNews,@CBSNews,"Alexandria Ocasio-Cortez describes ""astonishing"" primary upset against Rep. Joe Crowley https://t.co/LHX8M8DGvM https://t.co/ynUloMYorM",2018-06-27 13:29:47+00:00,75
-0.0772,0.142,0.731,0.128,CBSNews,@CBSNews,Who is Alexandria Ocasio-Cortez? The 28-year old just defeated powerful 10-term Democratic Rep. Joe Crowley in a st‚Ä¶ https://t.co/SVriJU6cxR,2018-06-27 13:13:24+00:00,76
0.0,0.0,1.0,0.0,CBSNews,@CBSNews,"Former Cambridge Analytica employee says ""there were more"" apps that collected user data: https://t.co/EXUSemmpEs https://t.co/GBM3DZZAxg",2018-06-27 12:56:51+00:00,77
-0.1779,0.072,0.928,0.0,CBSNews,@CBSNews,"Danny Meyer is the founder of the burger joint Shake Shack and CEO of Union Square Hospitality, which owns 17 New Y‚Ä¶ https://t.co/1jA5qZAJmo",2018-06-27 12:37:36+00:00,78
0.0,0.0,1.0,0.0,CBSNews,@CBSNews,CBS News has obtained cellphone video from inside the Cayuga Centers in New York -- the first unfiltered look insid‚Ä¶ https://t.co/LUXNDWXu3y,2018-06-27 12:29:50+00:00,79
0.0,0.0,1.0,0.0,CBSNews,@CBSNews,CBS News has obtained cellphone video from inside the Cayuga Centers in New York showing children huddled in what l‚Ä¶ https://t.co/kT8cywqWQw,2018-06-27 12:16:36+00:00,80
0.7569,0.0,0.735,0.265,CBSNews,@CBSNews,President Trump‚Äôs ‚Äúadministration is a form of extremism. We shouldn‚Äôt be afraid to be very bold and very strong in‚Ä¶ https://t.co/8GQcQAvEbu,2018-06-27 12:15:04+00:00,81
0.4019,0.0,0.876,0.124,CBSNews,@CBSNews,"Alexandria Ocasio-Cortez says she was not following the primary results until she arrived at watch party: ""We had f‚Ä¶ https://t.co/Y0XvwNLuSU",2018-06-27 12:12:50+00:00,82
0.0,0.0,1.0,0.0,CBSNews,@CBSNews,Alexandria Ocasio-Cortez on her message to the Democratic establishment:  ‚ÄúI think that it is time that we reassert‚Ä¶ https://t.co/mD6u6vwBG9,2018-06-27 12:08:23+00:00,83
-0.4767,0.268,0.61,0.122,CBSNews,@CBSNews,"Alexandria Ocasio-Cortez, who defeated 10-term Democratic Rep. Joe Crowley in a stunning upset in Tuesday‚Äôs primari‚Ä¶ https://t.co/9ivdKlOYfw",2018-06-27 12:05:50+00:00,84
0.8374,0.097,0.55,0.353,CBSNews,@CBSNews,My pleasure to SAVE you: Chick-fil-A employee comes to the rescue of a choking customer and it wasn't even his firs‚Ä¶ https://t.co/ZwJSKabrY8,2018-06-27 12:00:08+00:00,85
-0.7184,0.24,0.76,0.0,CBSNews,@CBSNews,"NEW: The East Pittsburgh Police officer who fatally shot 17-year-old Antwon Rose Jr. on June 19 has been charged, a‚Ä¶ https://t.co/o2qVrWU9z4",2018-06-27 11:51:18+00:00,86
0.4215,0.0,0.865,0.135,CBSNews,@CBSNews,"Brittany Kaiser, a former official at Cambridge Analytica, is sharing what she considers some of the data firm's qu‚Ä¶ https://t.co/tHqwzPGnIx",2018-06-27 11:44:35+00:00,87
0.0,0.0,1.0,0.0,CBSNews,@CBSNews,"RT @CBSThisMorning: For the first time last night, @ColbertLateShow and @FallonTonight aired the same opening. @StephenAtHome &amp; @JimmyFallo‚Ä¶",2018-06-27 11:44:09+00:00,88
0.0,0.0,1.0,0.0,CBSNews,@CBSNews,Tristan Beaudette was shot before dawn last Friday while camping with his two young daughters. Detectives are revie‚Ä¶ https://t.co/CtdWAhnC10,2018-06-27 11:36:30+00:00,89
-0.5267,0.145,0.855,0.0,CBSNews,@CBSNews,"The woman dubbed ""Permit Patty"" for threatening to call police on an 8-year-old black girl selling water on the str‚Ä¶ https://t.co/yms6GuVah5",2018-06-27 11:23:22+00:00,90
-0.8519,0.354,0.646,0.0,CBSNews,@CBSNews,"There will be a funeral this morning for a New York City teen, allegedly stabbed to death by gang members. Hundreds‚Ä¶ https://t.co/jX9YSOr878",2018-06-27 11:19:55+00:00,91
-0.6124,0.174,0.826,0.0,CBSNews,@CBSNews,Passengers on a JetBlue flight were terrified when officers stormed their plane in New York‚Äôs JFK Airport. It was a‚Ä¶ https://t.co/NQ8uDrzVor,2018-06-27 11:17:56+00:00,92
0.0,0.143,0.714,0.143,CBSNews,@CBSNews,President Trump is claiming vindication after the Supreme Court allowed his travel ban to stay in place. The court'‚Ä¶ https://t.co/6BwY9Pim0t,2018-06-27 11:12:52+00:00,93
0.0,0.0,1.0,0.0,CBSNews,@CBSNews,A federal judge in California ruled the Trump administration must reunite separated immigrant families within 30 da‚Ä¶ https://t.co/GWE2DpXzhN,2018-06-27 11:11:00+00:00,94
-0.4767,0.256,0.628,0.117,CBSNews,@CBSNews,"A stunning upset rocked the midterm elections Tuesday. Rep. Joe Crowley was defeated by Alexandria Ocasio-Cortez, a‚Ä¶ https://t.co/X4m2lc33J7",2018-06-27 11:06:58+00:00,95
0.0,0.0,1.0,0.0,CBSNews,@CBSNews,The body of a third-party contractor was found inside a beer cooler at SunTrust Park before Tuesday's Atlanta Brave‚Ä¶ https://t.co/h5B4s61Vo8,2018-06-27 11:00:55+00:00,96
0.0,0.0,1.0,0.0,CBSNews,@CBSNews,RT @CBSThisMorning: WATCH: Here's a preview of what you can expect on @CBSThisMorning. https://t.co/p8YblTdQ9r,2018-06-27 10:51:25+00:00,97
0.0,0.0,1.0,0.0,CBSNews,@CBSNews,AHEAD on @CBSThisMorning: The Trump administration has up to 30 days to reunite separated immigrant families. We'll‚Ä¶ https://t.co/rLpRQQBxBJ,2018-06-27 10:51:20+00:00,98
-0.5994,0.231,0.769,0.0,CBSNews,@CBSNews,"Ben Rhodes: ""We could have done more"" to explain Russia's information war https://t.co/EHY88GX35o https://t.co/KRwLMZTQbY",2018-06-27 10:40:01+00:00,99
0.7269,0.0,0.711,0.289,CBSNews,@CBSNews,"WATCH: Comedian @RealTracyMorgan reflects on his life and sends a heartfelt message to his 6-year-old self.

üì∫ See‚Ä¶ https://t.co/KqyOqpyTnv",2018-06-27 10:25:25+00:00,100
-0.4588,0.375,0.625,0.0,BBCNews,@BBCNews,The 'deadly sins' of business https://t.co/OoiUvX3sUh,2018-06-28 01:51:09+00:00,1
0.0,0.0,1.0,0.0,BBCNews,@BBCNews,Queen's taxpayer-funded costs up 13% in 2017-18 https://t.co/EbdfiE9bm6,2018-06-28 01:29:39+00:00,2
-0.6249,0.339,0.661,0.0,BBCNews,@BBCNews,Europe's migration crisis: Could it finish the EU? https://t.co/yohsVt0FOL,2018-06-28 01:06:37+00:00,3
0.0,0.0,1.0,0.0,BBCNews,@BBCNews,Zara and Mike Tindall reveal new daughter's name https://t.co/ukzJOQrj15,2018-06-28 01:03:42+00:00,4
0.1779,0.176,0.588,0.235,BBCNews,@BBCNews,Brexit: May warned over 'disappointing' progress in talks https://t.co/68hIAW9aAW,2018-06-28 00:45:57+00:00,5
0.6249,0.0,0.661,0.339,BBCNews,@BBCNews,Life on the 82 other Great British islands https://t.co/FwjwqlZVkd,2018-06-28 00:21:09+00:00,6
0.4939,0.0,0.758,0.242,BBCNews,@BBCNews,Revamped drug could save lives of many new mothers - WHO https://t.co/PcGWdux2ay,2018-06-28 00:18:47+00:00,7
0.0,0.0,1.0,0.0,BBCNews,@BBCNews,Regulator crackdown on hotel booking sites https://t.co/0t1A56v9yE,2018-06-28 00:13:37+00:00,8
-0.1027,0.135,0.865,0.0,BBCNews,@BBCNews,"Young will pick up climate change bill, advisers warn https://t.co/9feT8tz6oD",2018-06-28 00:10:48+00:00,9
0.6808,0.0,0.556,0.444,BBCNews,@BBCNews,"Student mental health support must improve, universities told https://t.co/hPharjez4S",2018-06-28 00:02:57+00:00,10
-0.34,0.194,0.806,0.0,BBCNews,@BBCNews,Soldiers and RAF helicopter sent in to tackle moorlands fire https://t.co/zqZCoV0N15,2018-06-27 22:40:25+00:00,11
0.0,0.0,1.0,0.0,BBCNews,@BBCNews,Newspaper headlines: 'Schadenfreude' and 'worst' Brexit deal https://t.co/DFUEl14doI,2018-06-27 22:35:35+00:00,12
-0.1531,0.241,0.556,0.204,BBCNews,@BBCNews,"Thursday's Mail: ""The death of free banking"" (via @MsHelicat) #tomorrowspaperstoday https://t.co/1BQ2YrxO1v",2018-06-27 22:03:17+00:00,13
0.0,0.0,1.0,0.0,BBCNews,@BBCNews,"Thursday's Guardian: ""May insists #Brexit talks still on track ahead of key EU summit"" (via @MsHelicat)‚Ä¶ https://t.co/BlfL8libnQ",2018-06-27 22:03:10+00:00,14
0.0,0.0,1.0,0.0,BBCNews,@BBCNews,"Thursday's Times: ""China in driving seat to control HS2 trains"" (via @MsHelicat) #tomorrowspaperstoday https://t.co/IT2s9V9jDY",2018-06-27 22:03:03+00:00,15
0.0,0.0,1.0,0.0,BBCNews,@BBCNews,"Thursday's Sun: ""Schadenfreude"" (via @MsHelicat) #tomorrowspaperstoday https://t.co/YwibCVHtBP",2018-06-27 22:02:56+00:00,16
-0.6124,0.455,0.545,0.0,BBCNews,@BBCNews,"Thursday's Mirror: ""Fire fight"" (via @MsHelicat) #tomorrowspaperstoday https://t.co/MlDJuRP3QE",2018-06-27 22:02:49+00:00,17
-0.765,0.375,0.625,0.0,BBCNews,@BBCNews,"Thursday's Express: ""Fury at Blair bid to wreck #Brexit"" (via @MsHelicat) #tomorrowspaperstoday https://t.co/EyiHGCRBfw",2018-06-27 21:13:49+00:00,18
0.0,0.0,1.0,0.0,BBCNews,@BBCNews,"Thursday's i: ""Prisons revolution"" (via @MsHelicat) #tomorrowspaperstoday https://t.co/4naPYNXVgA",2018-06-27 21:13:43+00:00,19
-0.6705,0.297,0.703,0.0,BBCNews,@BBCNews,"Thursday's Independent: ""EU chief warns: Prepare for the worst with Trump"" (via @MsHelicat) #tomorrowspaperstoday https://t.co/m7EGvTIDIS",2018-06-27 21:13:38+00:00,20
0.0,0.0,1.0,0.0,BBCNews,@BBCNews,"Thursday's Metro: ""OUT Wiedersehen"" (via @MsHelicat) #tomorrowspaperstoday https://t.co/FiTHERRwiS",2018-06-27 21:13:29+00:00,21
-0.4767,0.274,0.594,0.132,BBCNews,@BBCNews,"Thursday's FT: ""John Lewis profits collapse as retail woe moves up high street"" (via @MsHelicat)‚Ä¶ https://t.co/pNynreC5cX",2018-06-27 21:13:22+00:00,22
0.0,0.0,1.0,0.0,BBCNews,@BBCNews,"Thursday's Morning Star: ""What sort of country leaves 123,000 kids homeless?"" (via @MsHelicat) #tomorrowspaperstoday https://t.co/7PShqF4j31",2018-06-27 21:13:15+00:00,23
0.0,0.0,1.0,0.0,BBCNews,@BBCNews,Childminder numbers in England plummet https://t.co/9uwRnIgp2e,2018-06-27 20:19:24+00:00,24
0.5106,0.0,0.732,0.268,BBCNews,@BBCNews,Thailand cave rescue: How would you survive in a cave? https://t.co/Zcu8XqCAeJ,2018-06-27 19:39:14+00:00,25
0.7574,0.0,0.572,0.428,BBCNews,@BBCNews,Trump Supreme Court pick: Why is the US top court so important? https://t.co/UwwpVrW20S,2018-06-27 19:33:31+00:00,26
-0.5106,0.268,0.732,0.0,BBCNews,@BBCNews,Durham University students angry at plans for 8am start https://t.co/4x22oOlABT,2018-06-27 19:12:37+00:00,27
0.0,0.0,1.0,0.0,BBCNews,@BBCNews,Westport Lake search teams find body of Ryan Evans https://t.co/RQtfNS2Rdv,2018-06-27 19:10:09+00:00,28
0.0,0.0,1.0,0.0,BBCNews,@BBCNews,Babylon claims its chatbot beats GPs at medical exam https://t.co/zdXoe4HCYS,2018-06-27 19:01:52+00:00,29
-0.5574,0.34,0.66,0.0,BBCNews,@BBCNews,China lifts ban on British beef exports https://t.co/wULmIvTXLv,2018-06-27 18:42:56+00:00,30
0.0,0.0,1.0,0.0,BBCNews,@BBCNews,France's Macron brings back national service https://t.co/EwgGBj4nPI,2018-06-27 18:19:16+00:00,31
0.9042,0.0,0.532,0.468,BBCNews,@BBCNews,"RT @BBCBreaking: A Supreme Court justice is to retire, giving President Trump the chance to reshape the top US court https://t.co/OC80dTFbCL",2018-06-27 18:19:04+00:00,32
0.4059,0.181,0.512,0.307,BBCNews,@BBCNews,'Love Island' thongs not welcome at family pool https://t.co/spNmVrbxaY,2018-06-27 18:01:26+00:00,33
-0.6249,0.434,0.414,0.152,BBCNews,@BBCNews,Ticketmaster admits personal data stolen in hack attack https://t.co/GW85CVrUHv,2018-06-27 17:19:40+00:00,34
-0.6597,0.355,0.645,0.0,BBCNews,@BBCNews,Father Ted creator Graham Linehan reveals cancer diagnosis https://t.co/I3lpodUMgI,2018-06-27 17:06:31+00:00,35
0.0,0.0,1.0,0.0,BBCNews,@BBCNews,"Grenfell inquiry: Firefighter questions absurd, says union https://t.co/USY8olwXz5",2018-06-27 17:04:14+00:00,36
-0.296,0.214,0.649,0.136,BBCNews,@BBCNews,BDE: What is big dick energy and who really has it? https://t.co/U8T6uK5qJC,2018-06-27 17:02:17+00:00,37
0.0,0.0,1.0,0.0,BBCNews,@BBCNews,Joe Jackson: Patriarch of Jackson family dies aged 89 https://t.co/JlmuXVAyQs,2018-06-27 16:46:22+00:00,38
0.0772,0.0,0.843,0.157,BBCNews,@BBCNews,Do you want more textbooks than tanks? https://t.co/oTFcikJTN6,2018-06-27 16:36:05+00:00,39
-0.34,0.107,0.893,0.0,BBCNews,@BBCNews,"RT @BBCNWT: Dramatic images of the fire spreading on Saddleworth Moor have been captured by an amateur photographer. 

Follow updates here:‚Ä¶",2018-06-27 16:32:28+00:00,40
-0.296,0.324,0.441,0.235,BBCNews,@BBCNews,DNA 'barcode' delivering personalised breast cancer care https://t.co/ECMdZktb8Q,2018-06-27 16:27:28+00:00,41
-0.128,0.174,0.632,0.194,BBCNews,@BBCNews,RT @BBCFergusWalsh: Special report coming up on #BBCNewsSix on breast cancer treatment in Cambridge - how genetics are helping personalise‚Ä¶,2018-06-27 16:27:18+00:00,42
-0.3818,0.178,0.822,0.0,BBCNews,@BBCNews,World Cup 2018: Germany out of tournament after losing to South Korea https://t.co/PXgeei0fhw,2018-06-27 16:21:06+00:00,43
0.6625,0.0,0.793,0.207,BBCNews,@BBCNews,"RT @BBCSport: Auf Wiedersehen...

DEFENDING CHAMPIONS GERMANY ARE OUT OF THE #WORLDCUP!

FT: #KOR 2-0 #GER 

https://t.co/ukXULQ5cJx
#KORGE‚Ä¶",2018-06-27 15:58:41+00:00,44
0.0,0.0,1.0,0.0,BBCNews,@BBCNews,"RT @BBCSport: GOAL!

Another for #KOR! Manuel Neuer surrenders possession in the opposing half, South Korea hoof it up and tuck it into an‚Ä¶",2018-06-27 15:56:12+00:00,45
0.0,0.0,1.0,0.0,BBCNews,@BBCNews,"RT @BBCSport: FT #MEX 0-3 #SWE 

Incredible from Sweden. They're through to the #WorldCup knockout stages after thrashing Mexico.

Full-tim‚Ä¶",2018-06-27 15:53:13+00:00,46
0.0,0.0,1.0,0.0,BBCNews,@BBCNews,"RT @BBCSport: GOAL!

IT'S BEEN GIVEN!

#KOR 1-0 #GER 

VAR has given Kim's goal and Germany are heading out!

https://t.co/ukXULQ5cJx #Worl‚Ä¶",2018-06-27 15:53:05+00:00,47
0.4019,0.0,0.803,0.197,BBCNews,@BBCNews,Temperatures hit 31C in Scotland's warmest June day in 23 years https://t.co/Q0ODk6O6CI,2018-06-27 15:48:27+00:00,48
-0.5106,0.35,0.65,0.0,BBCNews,@BBCNews,"How a simple change is cutting coffee cup waste 

https://t.co/OmaDe7lC0k https://t.co/hFc9HHKpvm",2018-06-27 15:43:49+00:00,49
0.7712,0.0,0.729,0.271,BBCNews,@BBCNews,RT @BBCScotlandNews: It has been the warmest day in Scotland for five years! Happy summer everyone ‚òÄÔ∏è üòç üè¥Û†ÅßÛ†Å¢Û†Å≥Û†Å£Û†Å¥Û†ÅøÛ†ÅßÛ†Å¢Û†Å≥Û†Å£Û†Å¥Û†Åø More: https://t.co/al‚Ä¶,2018-06-27 15:42:54+00:00,50
-0.5994,0.328,0.672,0.0,BBCNews,@BBCNews,Eloise Parry death: Bernard Rebello convicted of manslaughter https://t.co/9UT04PkGwC,2018-06-27 15:37:52+00:00,51
-0.34,0.138,0.862,0.0,BBCNews,@BBCNews,RT @BBCEngland: Saddleworth Moor fire: This timelapse footage shows the spread of the blaze https://t.co/fevICeMiIj https://t.co/XDMdDFacR0,2018-06-27 15:36:57+00:00,52
-0.4871,0.131,0.869,0.0,BBCNews,@BBCNews,"Rush hour? What rush hour? üõ∂

Clare takes the stress out of her commute - by swapping the road for the River Thames‚Ä¶ https://t.co/EP189tD82V",2018-06-27 15:20:43+00:00,53
-0.34,0.211,0.789,0.0,BBCNews,@BBCNews,Saddleworth Moor fire: Army called in to tackle blaze https://t.co/CSTpRz8lQo,2018-06-27 14:38:05+00:00,54
0.0,0.0,1.0,0.0,BBCNews,@BBCNews,'World's fattest hedgehog' placed on diet and exercise regime https://t.co/HtRaRPUzJi,2018-06-27 14:35:35+00:00,55
0.0,0.0,1.0,0.0,BBCNews,@BBCNews,Photographer captures dramatic pictures of birds hunting in Scotland https://t.co/MpehJqZg3U,2018-06-27 14:32:50+00:00,56
-0.5574,0.365,0.635,0.0,BBCNews,@BBCNews,"Don't bring up Arbuckle's weight problem - it's a prickly subject

https://t.co/g4PO4Ijva5",2018-06-27 13:57:30+00:00,57
-0.25,0.193,0.708,0.099,BBCNews,@BBCNews,Britain's biggest pub chain runs low on certain beer brands as the C02 gas shortage continues ‚òπÔ∏è‚Ä¶ https://t.co/xGmTYERZyY,2018-06-27 13:42:21+00:00,58
-0.1779,0.23,0.593,0.178,BBCNews,@BBCNews,Swann home security camera sends video to wrong user https://t.co/9A96uzhVll,2018-06-27 13:30:57+00:00,59
-0.3818,0.245,0.755,0.0,BBCNews,@BBCNews,RT @bbcweather: Severe storms hit Greece https://t.co/jBX3GXCaPz Jo https://t.co/AJcQvJwSYY,2018-06-27 13:29:05+00:00,60
0.4019,0.0,0.895,0.105,BBCNews,@BBCNews,"RT @BBC_HaveYourSay: Ginny: ""One lady has been calling me Guinea - yes, as in 'guinea pig' for months now."" 
Your stories of how your names‚Ä¶",2018-06-27 13:27:06+00:00,61
0.6996,0.0,0.775,0.225,BBCNews,@BBCNews,RT @BBCPolitics: Thank goodness he didn't do the crotch grab! üò≥ Culture secretary @MattHancock learns to moonwalk at the opening of the Mic‚Ä¶,2018-06-27 13:24:26+00:00,62
-0.4588,0.178,0.758,0.064,BBCNews,@BBCNews,"RT @BBCNewsbeat: This cleaner broke down in tears when he was given ¬£1,500 so he could visit his family in Jamaica üò≠‚ô•Ô∏è

https://t.co/kkPeUZ‚Ä¶",2018-06-27 13:20:11+00:00,63
-0.4019,0.213,0.787,0.0,BBCNews,@BBCNews,'My first name and surname are always a problem for people' https://t.co/wJKsK3zpsQ,2018-06-27 13:16:26+00:00,64
-0.34,0.211,0.789,0.0,BBCNews,@BBCNews,Saddleworth Moor fire: How crews are tackling the blaze https://t.co/FsjZQyuPfd,2018-06-27 13:04:19+00:00,65
0.1531,0.0,0.849,0.151,BBCNews,@BBCNews,Prime Minister's Questions: The key bits and the verdict https://t.co/yLeuNcLshi,2018-06-27 13:02:06+00:00,66
0.5267,0.0,0.672,0.328,BBCNews,@BBCNews,"Bristol Uni students raise ¬£1,500 to send cleaner on holiday https://t.co/bcwHIsgAqG",2018-06-27 12:59:28+00:00,67
0.0,0.0,1.0,0.0,BBCNews,@BBCNews,üòé https://t.co/x6Ovbky2SM,2018-06-27 12:55:41+00:00,68
-0.4767,0.291,0.709,0.0,BBCNews,@BBCNews,CO2 shortage: Britain's biggest pub chain runs low on beer brands https://t.co/PseLZddsR4,2018-06-27 12:39:04+00:00,69
0.0,0.0,1.0,0.0,BBCNews,@BBCNews,UK heatwave: When is it too hot to work? https://t.co/PxBipFG9wA,2018-06-27 12:27:09+00:00,70
-0.2263,0.285,0.545,0.17,BBCNews,@BBCNews,Bank‚Äôs red light warning for EU on lack of Brexit progress https://t.co/jAAvese2ih,2018-06-27 12:16:52+00:00,71
0.0,0.0,1.0,0.0,BBCNews,@BBCNews,Prince William meets Palestinian President Mahmoud Abbas https://t.co/0IyWZG2mM8,2018-06-27 11:59:44+00:00,72
0.0,0.0,1.0,0.0,BBCNews,@BBCNews,RT @BBCScotlandNews: A pink sparrow visits a garden in South Lanarkshire. Ornithologists think it developed its rosy glow after feasting on‚Ä¶,2018-06-27 11:57:10+00:00,73
0.296,0.0,0.885,0.115,BBCNews,@BBCNews,"RT @BBCPolitics: ‚ÄúThe performance that has been provided for passengers has been unacceptable,‚Äù @theresa_may admits after @heidiallen75 cal‚Ä¶",2018-06-27 11:56:20+00:00,74
-0.8591,0.543,0.457,0.0,BBCNews,@BBCNews,A47 crash: Two dead in bus and lorry collision named https://t.co/ETqsAh8QMq,2018-06-27 11:54:57+00:00,75
0.4019,0.146,0.654,0.199,BBCNews,@BBCNews,RT @bbckamal: Bank of England gives red light warning to EU on lack of #Brexit progress on financial services. Says UK has made positive he‚Ä¶,2018-06-27 11:43:51+00:00,76
0.0,0.0,1.0,0.0,BBCNews,@BBCNews,"RT @BBCPolitics: Back to business: ‚ÄúCan the PM tell the House why 186,000 car manufacturing jobs are disposable to her?‚Äù asks Ian Blackford‚Ä¶",2018-06-27 11:43:03+00:00,77
0.2263,0.0,0.873,0.127,BBCNews,@BBCNews,"RT @BBCPolitics: It was only a matter of time before the cabinet ""sleepover"" at the PM's Chequers country retreat came up #PMQs https://t.c‚Ä¶",2018-06-27 11:42:56+00:00,78
0.0,0.0,1.0,0.0,BBCNews,@BBCNews,"RT @BBCSport: Just look at it üòç

A new match ball will be used for the knockout stage of the #WorldCup, Fifa has announced. 

üëâ https://t.c‚Ä¶",2018-06-27 11:40:13+00:00,79
-0.2732,0.123,0.877,0.0,BBCNews,@BBCNews,"RT @bbcstories: ‚ö°Ô∏è ‚ÄúThe FBI said I was my parents' stolen baby - but I found the truth‚Äù

https://t.co/jWFvOfCDxM",2018-06-27 11:36:55+00:00,80
-0.4939,0.211,0.789,0.0,BBCNews,@BBCNews,Cricket collapse: Peterborough Town take seven High Wycombe wickets in 11 balls https://t.co/CLi7SBnJm5,2018-06-27 11:33:17+00:00,81
0.0,0.0,1.0,0.0,BBCNews,@BBCNews,"RT @BBCPolitics: ""Why is that every Labour government leaves office with more people out-of-work than when they went in?‚Äù Theresa May respo‚Ä¶",2018-06-27 11:33:12+00:00,82
0.0,0.0,1.0,0.0,BBCNews,@BBCNews,"RT @BBCPolitics: ‚ÄúWe are putting jobs at the heart of what we do in relations to #Brexit,"" insists the PM #PMQs https://t.co/HlSsvh7lqY htt‚Ä¶",2018-06-27 11:31:35+00:00,83
-0.25,0.127,0.784,0.09,BBCNews,@BBCNews,RT @BBCPolitics: ‚ÄúCan the PM reassure thousands of workers today and take the phony threat of no-deal off the negotiation table?‚Äù asks @jer‚Ä¶,2018-06-27 11:23:10+00:00,84
-0.0772,0.053,0.947,0.0,BBCNews,@BBCNews,"RT @BBCPolitics: ‚ÄúI am sorry to see the foreign secretary is not here today with us,"" says Corbyn. Let the games begin... #PMQs https://t.c‚Ä¶",2018-06-27 11:16:07+00:00,85
-0.4767,0.341,0.659,0.0,BBCNews,@BBCNews,Patients 'choked on hospital soft food' https://t.co/RvXAE4p29E,2018-06-27 11:11:42+00:00,86
0.2023,0.0,0.917,0.083,BBCNews,@BBCNews,RT @BBC_HaveYourSay: Has your name been mispronounced at an important event in your life? Tweet us your story or email: haveyoursay@bbc.co.‚Ä¶,2018-06-27 11:01:32+00:00,87
0.5859,0.0,0.826,0.174,BBCNews,@BBCNews,RT @BBCNewsEnts: Israel's @Eurovision winner @NettaBarzilai just gave Prince William a loop machine... Could we have a royal entry at next‚Ä¶,2018-06-27 10:43:42+00:00,88
0.6908,0.0,0.678,0.322,BBCNews,@BBCNews,RT @BBCNEandCumbria: Girl power üèÉ‚Äç‚ôÄÔ∏è üôå the after school running club boosting girls' confidence https://t.co/jQvFifJrKG,2018-06-27 10:38:41+00:00,89
0.0,0.0,1.0,0.0,BBCNews,@BBCNews,"Michael Jackson: On the Wall 

Exhibition explores images of the king of pop marking what would have been his 60th‚Ä¶ https://t.co/DlxpgvaZY6",2018-06-27 10:37:02+00:00,90
0.0,0.0,1.0,0.0,BBCNews,@BBCNews,Alexandria Ocasio-Cortez: Millennial beats veteran Democrat https://t.co/Q0aLL6i63t,2018-06-27 10:35:17+00:00,91
0.5859,0.0,0.648,0.352,BBCNews,@BBCNews,Prince William meets Israel's Eurovision winner Netta https://t.co/qgzvoiXEpT,2018-06-27 10:21:10+00:00,92
0.3412,0.0,0.789,0.211,BBCNews,@BBCNews,The 'new Asbos' issued without the burden of proof https://t.co/9I9DK2tDep,2018-06-27 10:18:46+00:00,93
0.0,0.0,1.0,0.0,BBCNews,@BBCNews,Late-night hosts unite against President Trump https://t.co/E4DWYyPePa,2018-06-27 10:15:43+00:00,94
0.4019,0.0,0.816,0.184,BBCNews,@BBCNews,RT @BBCRealityCheck: Is there a clean air zone coming to your town? https://t.co/959G5v2n7i https://t.co/MCAIg2e4N1,2018-06-27 09:56:14+00:00,95
0.0772,0.0,0.949,0.051,BBCNews,@BBCNews,"RT @BBC_HaveYourSay: What questions do you have about how the NHS currently operates?
Tell us what what you want to know. 
You get in touch‚Ä¶",2018-06-27 09:55:45+00:00,96
-0.34,0.118,0.882,0.0,BBCNews,@BBCNews,RT @BBCEngland: Saddleworth Moor fire: The blaze can now be seen from space as homes are evacuated https://t.co/QDkVtzeEmL https://t.co/UIH‚Ä¶,2018-06-27 09:54:28+00:00,97
0.875,0.0,0.593,0.407,BBCNews,@BBCNews,"""We are feeling elated""

Rebecca Steinfeld and Charles Keidan win legal bid for right to have civil partnership ins‚Ä¶ https://t.co/QzlnktunLY",2018-06-27 09:53:35+00:00,98
0.0,0.0,1.0,0.0,BBCNews,@BBCNews,Michael Jackson: On the Wall exhibition explores images of the star https://t.co/1dSHmGwlGG,2018-06-27 09:50:42+00:00,99
0.3818,0.062,0.804,0.134,BBCNews,@BBCNews,"""She was a hard working, dedicated doctor""

Statement read out on behalf of Dr Jane Barton, who oversaw the practic‚Ä¶ https://t.co/mND138oypQ",2018-06-27 09:43:02+00:00,100
0.5267,0.0,0.855,0.145,nytimes,@NYTimes,"News Analysis: Courts are by tradition named for the chief justice. But if influence were the deciding factor, it w‚Ä¶ https://t.co/Ih5Z9Fjsuu",2018-06-28 02:17:05+00:00,1
0.6249,0.0,0.788,0.212,nytimes,@NYTimes,RT @TheSteinLine: The Mavericks are actively exploring trade scenarios with the Clippers and former flame DeAndre Jordan in hopes of tradin‚Ä¶,2018-06-28 02:10:25+00:00,2
-0.9042,0.384,0.616,0.0,nytimes,@NYTimes,"Only in America, getaway drivers and lookouts can face the same penalty for a death as the killer. California is ha‚Ä¶ https://t.co/HZbnXVNxOu",2018-06-28 02:02:07+00:00,3
0.3182,0.0,0.901,0.099,nytimes,@NYTimes,RT @anahadoconnor: Many cities enacted soda taxes to reduce sugar intake and increase their revenues. But now the soda industry is fighting‚Ä¶,2018-06-28 01:47:06+00:00,4
0.0,0.0,1.0,0.0,nytimes,@NYTimes,A guide to some of the biggest blockchain projects outside of Bitcoin https://t.co/T6fXAQG8ML,2018-06-28 01:32:06+00:00,5
0.0,0.0,1.0,0.0,nytimes,@NYTimes,"RT @NYTMetro: Alexandria Ocasio-Cortez can add instant political rock star to a r√©sum√© that up to now included waitress, bartender, childre‚Ä¶",2018-06-28 01:17:07+00:00,6
0.0,0.0,1.0,0.0,nytimes,@NYTimes,Evening Briefing: Here's what you need to know at the end of the day https://t.co/zZ5UA7U9JV,2018-06-28 01:02:06+00:00,7
0.5719,0.0,0.837,0.163,nytimes,@NYTimes,"In Mexico City, hundreds of fans celebrated outside the South Korea embassy, lifting the consul general on their sh‚Ä¶ https://t.co/h4h6gS21nk",2018-06-28 00:47:04+00:00,8
0.0,0.0,1.0,0.0,nytimes,@NYTimes,"RT @ShaneGoldmacher: NEW: The last poll Joe Crowley took showed up leading by  **36 points** in early June.

My story inside the Crowley co‚Ä¶",2018-06-28 00:41:04+00:00,9
0.0,0.0,1.0,0.0,nytimes,@NYTimes,"On a big day in the World Cup, here‚Äôs a diversion: We removed the ball from photos of group-stage games. See if you‚Ä¶ https://t.co/PjBxxz2DxG",2018-06-28 00:32:07+00:00,10
0.6705,0.0,0.686,0.314,nytimes,@NYTimes,"RT @emilybazelon: Well, here are my thoughts on the retirement of Justice Kennedy.

https://t.co/4vEYBgHMZK",2018-06-28 00:17:05+00:00,11
-0.4215,0.118,0.882,0.0,nytimes,@NYTimes,A Kansas City immigration lawyer said she broke her foot after being pushed to the ground by an ICE officer. She wa‚Ä¶ https://t.co/utMRWvXuEX,2018-06-28 00:02:07+00:00,12
0.5574,0.0,0.735,0.265,nytimes,@NYTimes,The front-runners and full list of potential Supreme Court nominees https://t.co/zxRZ41GWLu,2018-06-27 23:47:06+00:00,13
-0.7096,0.219,0.781,0.0,nytimes,@NYTimes,"Terry Crews says he won't be in ""The Expendables 4"" after a producer tried to get him to drop his sexual assault la‚Ä¶ https://t.co/zTlHKBR7KL",2018-06-27 23:32:06+00:00,14
-0.3818,0.11,0.89,0.0,nytimes,@NYTimes,"RT @nytopinion: My father, Fred Korematsu, would have been upset that the court overturned his case only to uphold President Trump‚Äôs travel‚Ä¶",2018-06-27 23:17:04+00:00,15
-0.2263,0.095,0.905,0.0,nytimes,@NYTimes,"In 1983, the slashed, scarred body of a 23-year-old black man was discovered in a grassy roadside area in a Georgia‚Ä¶ https://t.co/k51to4KlDm",2018-06-27 23:03:03+00:00,16
0.0,0.0,1.0,0.0,nytimes,@NYTimes,Evening Briefing: Here's what you need to know at the end of the day https://t.co/ejfYV4pKni,2018-06-27 22:47:05+00:00,17
-0.3182,0.103,0.897,0.0,nytimes,@NYTimes,"The world‚Äôs tropical forests lost roughly 39 million acres of trees last year, an area roughly the size of Banglade‚Ä¶ https://t.co/3xx3rdpeNY",2018-06-27 22:32:05+00:00,18
0.3612,0.0,0.889,0.111,nytimes,@NYTimes,"RT @nytvideo: ‚ÄúWomen like me aren‚Äôt supposed to run for office,‚Äù Alexandria Ocasio-Cortez said in a campaign video last month. In a stunnin‚Ä¶",2018-06-27 22:17:04+00:00,19
0.5994,0.0,0.794,0.206,nytimes,@NYTimes,"Germany, the defending World Cup champion, took its earliest exit from the tournament since 1938 https://t.co/e0hFEMidIb",2018-06-27 22:01:06+00:00,20
0.0,0.0,1.0,0.0,nytimes,@NYTimes,"RT @NYTSports: For women who work as sports reporters, #MeToo isn‚Äôt just a movement, it‚Äôs often their everyday reality. https://t.co/o0YbUp‚Ä¶",2018-06-27 21:51:05+00:00,21
0.0516,0.112,0.714,0.173,nytimes,@NYTimes,"13 years after escaping from a Wichita zoo, No. 492 is the flamingo that keeps on surviving https://t.co/7uhrgQx1hJ",2018-06-27 21:42:02+00:00,22
-0.7184,0.24,0.76,0.0,nytimes,@NYTimes,RT @malachybrowne: A peek behind our investigation into claims by Syrian and Russian officials that the chemical weapons attack in Douma on‚Ä¶,2018-06-27 21:26:06+00:00,23
0.0,0.0,1.0,0.0,nytimes,@NYTimes,"A year and a half after a New York Times correspondent was kicked out of Venezuela, he returned to see how people a‚Ä¶ https://t.co/7jChD5QJC5",2018-06-27 21:11:44+00:00,24
0.5994,0.0,0.803,0.197,nytimes,@NYTimes,"On the streets of Caracas, homeless kids play with a wad of bol√≠var bills like it‚Äôs Monopoly money. All of this isn‚Ä¶ https://t.co/a27fQZPuyJ",2018-06-27 21:06:21+00:00,25
-0.743,0.326,0.674,0.0,nytimes,@NYTimes,Runaway inflation has thrown Venezuela into chaos and made food and medicine desperately scarce‚Ä¶ https://t.co/p8Vk9of1Z1,2018-06-27 21:03:18+00:00,26
-0.8316,0.328,0.672,0.0,nytimes,@NYTimes,The police officer who killed Antwon Rose failed basic police procedures and made statements to investigators that‚Ä¶ https://t.co/yLyFUvUOwL,2018-06-27 20:55:02+00:00,27
-0.3612,0.122,0.878,0.0,nytimes,@NYTimes,Trump administration officials that it would be difficult to comply with the timetable in a federal court order req‚Ä¶ https://t.co/WnK6hCWr9w,2018-06-27 20:40:06+00:00,28
0.0,0.0,1.0,0.0,nytimes,@NYTimes,Stories of how we communicate about sex and intimacy are rare. That‚Äôs where you come in. https://t.co/WgP4PnJa0m,2018-06-27 20:25:03+00:00,29
0.7269,0.0,0.724,0.276,nytimes,@NYTimes,Breaking News: Senate Majority Leader Mitch McConnell promised a quick vote on a Supreme Court nominee by fall. Dem‚Ä¶ https://t.co/5TmPPJ6Glh,2018-06-27 20:14:57+00:00,30
0.2263,0.111,0.741,0.148,nytimes,@NYTimes,Teachers‚Äô unions could lose up to a third of their members and funding as a result of the Supreme Court decision https://t.co/cPDS7sOlgc,2018-06-27 20:10:05+00:00,31
-0.5574,0.247,0.753,0.0,nytimes,@NYTimes,Thousands of fans gathered in Florida for a memorial service to mourn the controversial rapper XXXTentacion https://t.co/S7EzgTBuL1,2018-06-27 19:55:03+00:00,32
0.2732,0.092,0.775,0.133,nytimes,@NYTimes,"RT @nytopinion: What does the Supreme Court decision on unions mean? Several takes here:

""Workers are standing up and fighting, and they h‚Ä¶",2018-06-27 19:40:12+00:00,33
0.5267,0.0,0.805,0.195,nytimes,@NYTimes,Mitch McConnell said the Senate would vote to replace Justice Anthony Kennedy this fall https://t.co/DbdzxTgpnE,2018-06-27 19:25:04+00:00,34
0.0,0.0,1.0,0.0,nytimes,@NYTimes,Switzerland dominated possession in the first half of their match against Costa Rica. But as Germany showed earlier‚Ä¶ https://t.co/DU2HxkLmhp,2018-06-27 19:10:08+00:00,35
0.0,0.0,1.0,0.0,nytimes,@NYTimes,Benicio Del Toro is now one of only a few Latinos to headline a film franchise released by Hollywood https://t.co/Uxz6HFiZhH,2018-06-27 18:55:07+00:00,36
0.296,0.0,0.872,0.128,nytimes,@NYTimes,"There are over 100,000 people on the waiting list to join the dating app Raya https://t.co/FLQ5gZWbm5",2018-06-27 18:42:34+00:00,37
0.6124,0.0,0.792,0.208,nytimes,@NYTimes,The U.S. Open is revamping its seeding process to protect women returning to the court after giving birth. Serena W‚Ä¶ https://t.co/NULz1eKCTz,2018-06-27 18:25:03+00:00,38
0.5574,0.0,0.841,0.159,nytimes,@NYTimes,"Breaking News: Anthony Kennedy is retiring from the Supreme Court. He was often the swing vote, and President Trump‚Ä¶ https://t.co/ojdg7urbeq",2018-06-27 18:11:25+00:00,39
-0.5859,0.27,0.73,0.0,nytimes,@NYTimes,Breaking News: The House overwhelmingly rejected a major immigration overhaul. A last-minute plea from President Tr‚Ä¶ https://t.co/FaJ105bHjK,2018-06-27 18:00:01+00:00,40
0.0,0.0,1.0,0.0,nytimes,@NYTimes,Here‚Äôs a look at how each team can make the round of 16 https://t.co/FF4ZdmV9tn,2018-06-27 17:53:39+00:00,41
0.5859,0.0,0.847,0.153,nytimes,@NYTimes,Both Brazil and Serbia are looking for a win in order to advance to the World Cup round of 16. Expect a competitive‚Ä¶ https://t.co/R0oPoZy7sv,2018-06-27 17:51:56+00:00,42
0.0,0.0,1.0,0.0,nytimes,@NYTimes,A member of Brazil's soccer federation was sent home to Brazil after smashing a glass on a fan's head. And you thou‚Ä¶ https://t.co/Y4Qp3sr2BZ,2018-06-27 17:35:03+00:00,43
-0.5574,0.231,0.769,0.0,nytimes,@NYTimes,"Joe Jackson, the father and manager of the Jackson 5, has died https://t.co/ZWhxupoKYU",2018-06-27 17:20:10+00:00,44
-0.5423,0.233,0.698,0.07,nytimes,@NYTimes,"The man accused of driving his car into people protesting a white supremacist rally in Charlottesville, Virginia wa‚Ä¶ https://t.co/uxsXz1QqDB",2018-06-27 17:06:46+00:00,45
0.0,0.0,1.0,0.0,nytimes,@NYTimes,Breaking News: President Trump and President Vladimir Putin of Russia will hold a summit soon. The planned meeting‚Ä¶ https://t.co/gdRwE4Gd1z,2018-06-27 16:54:00+00:00,46
0.7845,0.0,0.655,0.345,nytimes,@NYTimes,Breaking News: The Justice Department approved Disney's $71 billion bid for 21st Century Fox's assets. The decision‚Ä¶ https://t.co/zWAST0A14E,2018-06-27 16:45:58+00:00,47
-0.7717,0.261,0.739,0.0,nytimes,@NYTimes,"Bill Shine, ousted from Fox News for his handling of sexual harassment scandals, is expected to be offered the top‚Ä¶ https://t.co/TZhweMpySJ",2018-06-27 16:28:06+00:00,48
-0.6808,0.285,0.59,0.125,nytimes,@NYTimes,"The California Supreme Court calls it a ‚Äúbarbaric‚Äù rule from a ‚Äúbygone age."" But the felony murder rule is still th‚Ä¶ https://t.co/q7lRQibKIB",2018-06-27 16:13:05+00:00,49
-0.1779,0.204,0.655,0.142,nytimes,@NYTimes,"Germany, the defending World Cup champion, lost to South Korea and failed to advance out of the group stage. Mexico‚Ä¶ https://t.co/ath6QUMX4R",2018-06-27 15:58:45+00:00,50
0.5994,0.0,0.843,0.157,nytimes,@NYTimes,"Video review has come to the World Cup, and it probably just knocked the defending champion Germany out of the tour‚Ä¶ https://t.co/Jl9sDRbvIG",2018-06-27 15:56:33+00:00,51
-0.5423,0.235,0.667,0.098,nytimes,@NYTimes,RT @nytopinion: Does Donald Trump fear foreigners invading America like he fears germs contaminating his body? Watch Episode 3 of @realtrum‚Ä¶,2018-06-27 15:53:06+00:00,52
0.0,0.0,1.0,0.0,nytimes,@NYTimes,Because Slack is down and you might have to actually talk to your coworkers ¬Ø\_(„ÉÑ)_/¬Ø https://t.co/W52HIDHdEf,2018-06-27 15:49:03+00:00,53
-0.8271,0.401,0.599,0.0,nytimes,@NYTimes,A police officer was charged with criminal homicide in the fatal shooting of teenager Antwon Rose  https://t.co/0qvGG0RSQ4,2018-06-27 15:43:02+00:00,54
0.0,0.0,1.0,0.0,nytimes,@NYTimes,RT @randyNYT: Notice the accent marks on Mexico's World Cup jerseys? A New York Times editor @apchavira did that: https://t.co/7169yQMwqw,2018-06-27 15:33:04+00:00,55
-0.1406,0.126,0.771,0.103,nytimes,@NYTimes,"Germany probably advances in the World Cup with a win, but might not, and probably doesn‚Äôt advance with a loss, but‚Ä¶ https://t.co/jAi6tGii3T",2018-06-27 15:23:06+00:00,56
0.3182,0.0,0.892,0.108,nytimes,@NYTimes,"RT @HannaIngber: Our politics editor, @patrickhealynyt, is inviting readers to ask him questions about how we're covering the midterms. Ple‚Ä¶",2018-06-27 15:13:03+00:00,57
-0.4019,0.137,0.863,0.0,nytimes,@NYTimes,Russia demonstrated that one response to fielding an unwelcome question is to ask a different question. And another‚Ä¶ https://t.co/uaabtuxMS1,2018-06-27 15:03:06+00:00,58
-0.2204,0.075,0.925,0.0,nytimes,@NYTimes,"RT @mattfleg: Was just going back through some notes from our chat w/ @Ocasio2018 many weeks ago. This stood out: ""There‚Äôs this weird mascu‚Ä¶",2018-06-27 14:58:26+00:00,59
-0.714,0.218,0.727,0.055,nytimes,@NYTimes,"""The violent act of a fan is sad,"" she wrote, but what is even worse, she added, is the reaction of those who do no‚Ä¶ https://t.co/FYiFx0HKyj",2018-06-27 14:43:02+00:00,60
0.4215,0.0,0.865,0.135,nytimes,@NYTimes,Mexico and Sweden are hoping to clinch advancement to the second round of World Cup. Chicharito (Javier Hernandez)‚Ä¶ https://t.co/gad8LqyAW5,2018-06-27 14:33:06+00:00,61
-0.4404,0.149,0.791,0.06,nytimes,@NYTimes,"RT @mwolgelenter: ‚ÄúThe enemies of a meat-based diet want to consign humanity to grains.‚Äù @alissanyt, on French butchers seeking protection‚Ä¶",2018-06-27 14:23:04+00:00,62
0.5574,0.0,0.841,0.159,nytimes,@NYTimes,"Breaking News: The Supreme Court dealt a major blow to labor unions, ruling 5-4 that government workers can‚Äôt be re‚Ä¶ https://t.co/Iyqs5AYU82",2018-06-27 14:13:14+00:00,63
0.0,0.0,1.0,0.0,nytimes,@NYTimes,"RT @fstockman: A primer for what happened last night in NY. ‚ÄòYes, I‚Äôm Running as a #Socialist.‚Äô Why Candidates Are Embracing the Label in 2‚Ä¶",2018-06-27 14:00:05+00:00,64
0.4201,0.0,0.896,0.104,nytimes,@NYTimes,"RT @NYTSports: The Mexican player known as ""Chucky"" has been a nightmare for opponents at the World Cup. And there may be more like him on‚Ä¶",2018-06-27 13:45:07+00:00,65
0.0,0.0,1.0,0.0,nytimes,@NYTimes,The murals started appearing quietly in Paris last week. Now they're confirmed as the work of Banksy ‚Äî and the race‚Ä¶ https://t.co/eZoGJjSDeq,2018-06-27 13:31:02+00:00,66
-0.2023,0.155,0.727,0.118,nytimes,@NYTimes,The search for a dozen boys and their soccer coach trapped in a flooded cave complex has captivated Thailand https://t.co/1LQB1CFzM0,2018-06-27 13:21:06+00:00,67
0.0,0.0,1.0,0.0,nytimes,@NYTimes,"A year and a half after a New York Times correspondent was kicked out of Venezuela, he returned to see how people a‚Ä¶ https://t.co/HtNogoyDhd",2018-06-27 13:10:41+00:00,68
0.0,0.0,1.0,0.0,nytimes,@NYTimes,Morning¬†Briefing: Here's what you need to know to start your day https://t.co/EfR5ZryQxl https://t.co/zqewCJApCz,2018-06-27 13:00:19+00:00,69
-0.6597,0.188,0.812,0.0,nytimes,@NYTimes,"A shooting in which a woman gunned down four of her relatives, killing two, has rattled Hong Kong, a city where suc‚Ä¶ https://t.co/xaDP4Jo42X",2018-06-27 12:44:03+00:00,70
-0.0516,0.138,0.734,0.128,nytimes,@NYTimes,"President Trump has chosen a more moderate approach to limit Chinese investments in the United States, rejecting mo‚Ä¶ https://t.co/K423hIY9vc",2018-06-27 12:30:04+00:00,71
-0.4588,0.136,0.864,0.0,nytimes,@NYTimes,"""The unfortunate reality is that under the present system, migrant children are not accounted for with the same eff‚Ä¶ https://t.co/bx2vRTeyEn",2018-06-27 12:16:06+00:00,72
0.3612,0.0,0.828,0.172,nytimes,@NYTimes,A political revolution ‚Äî or something like it ‚Äî just rippled through New York City https://t.co/Y0F0wPNONI,2018-06-27 11:50:04+00:00,73
0.5574,0.0,0.825,0.175,nytimes,@NYTimes,The Korematsu ruling was an exceedingly rare modern example in which the Supreme Court explicitly upheld government‚Ä¶ https://t.co/yUWSZBmg3Y,2018-06-27 11:41:06+00:00,74
-0.5574,0.329,0.461,0.211,nytimes,@NYTimes,"Justice Sonia Sotomayor condemned the travel ban as ""harrowing"" and ""motivated by hostility and animus toward the M‚Ä¶ https://t.co/JqxzB2lrOo",2018-06-27 11:30:03+00:00,75
-0.5574,0.194,0.806,0.0,nytimes,@NYTimes,RT @nytgraphics: Charts illustrating some of the effects of Trump's travel ban so far:  https://t.co/6a3wAmRUPn https://t.co/eqWjGnfI8r,2018-06-27 11:20:03+00:00,76
0.3182,0.147,0.612,0.241,nytimes,@NYTimes,What the Supreme Court's endorsement of the travel ban says about the extent of the president's power https://t.co/jsDBQuSBQD,2018-06-27 11:11:07+00:00,77
-0.3447,0.328,0.672,0.0,nytimes,@NYTimes,"Fact check: No, Democrats don't want ""open borders"" https://t.co/91CrZV9ahM",2018-06-27 11:00:06+00:00,78
0.0,0.0,1.0,0.0,nytimes,@NYTimes,Results for elections in 7 states https://t.co/MAme5UnNmP https://t.co/sXLPiAvuny,2018-06-27 10:44:06+00:00,79
0.0,0.0,1.0,0.0,nytimes,@NYTimes,"""I knew that it was long odds, and I knew that it was uphill, but I always knew it was possible,"" Alexandria Ocasio‚Ä¶ https://t.co/Nhy8yHPad6",2018-06-27 10:30:12+00:00,80
0.0,0.0,1.0,0.0,nytimes,@NYTimes,"The seized items included $30 million in cash, 2,800 pairs of earrings, 2,200 rings, 2,100 bangles, 1,600 brooches,‚Ä¶ https://t.co/zRJ8B871Xz",2018-06-27 10:16:02+00:00,81
0.0,0.0,1.0,0.0,nytimes,@NYTimes,Morning¬†Briefing: Here's what you need to know to start your day https://t.co/aTMTe1uUWB https://t.co/e8MWX047Hr,2018-06-27 10:00:13+00:00,82
-0.4939,0.132,0.868,0.0,nytimes,@NYTimes,"""The odds are that Trump will deliver a G-7 performance. And I fear that we will come out of this summit with symbo‚Ä¶ https://t.co/ARkcwTr80i",2018-06-27 09:44:02+00:00,83
0.0,0.0,1.0,0.0,nytimes,@NYTimes,"""It's surreal,"" Alexandria Ocasio-Cortez said as the votes were being tallied https://t.co/9QOMSSi0yQ",2018-06-27 09:30:06+00:00,84
0.25,0.155,0.69,0.155,nytimes,@NYTimes,"""There was no divine intervention here. Just hard, human work. Argentina made it. Messi made it,"" @RorySmith writes https://t.co/4vq9QC4Yhc",2018-06-27 09:15:07+00:00,85
0.0,0.0,1.0,0.0,nytimes,@NYTimes,"French butchers wrote that ""physical, verbal, and moral violence‚Äù against them was ""neither more nor less than a fo‚Ä¶ https://t.co/ma5AGPkE3G",2018-06-27 09:00:04+00:00,86
-0.6249,0.157,0.843,0.0,nytimes,@NYTimes,"RT @nytimesworld: Remember the ""ecce homo"" in Spain that was one of the worst restoration projects in modern history? It has new competitio‚Ä¶",2018-06-27 08:44:01+00:00,87
0.0,0.0,1.0,0.0,nytimes,@NYTimes,"There's a lot of trash in the ocean these days. But which of these items is most frequently found on beaches?
‚Ä¢ Str‚Ä¶ https://t.co/816BGF7zsk",2018-06-27 08:30:09+00:00,88
0.7003,0.0,0.775,0.225,nytimes,@NYTimes,RT @nytimesworld: Malta says it will let a rescue ship carrying hundreds of African migrants dock ‚Äî if other European countries agree to ta‚Ä¶,2018-06-27 08:15:09+00:00,89
0.0,0.0,1.0,0.0,nytimes,@NYTimes,"McKinsey is a keeper of secrets the world over. But in South Africa, its culture of confidentiality helped ensnare‚Ä¶ https://t.co/fe85ixkHpJ",2018-06-27 08:02:02+00:00,90
-0.1027,0.092,0.833,0.075,nytimes,@NYTimes,These photos from the World Cup are missing one important element ‚Äì the ball. See if you can guess where it was.‚Ä¶ https://t.co/yTduHCwFOO,2018-06-27 07:47:08+00:00,91
0.0,0.0,1.0,0.0,nytimes,@NYTimes,The murals started appearing quietly in Paris last week. Now they're confirmed as the work of Banksy ‚Äî and the race‚Ä¶ https://t.co/5a5tfayiCs,2018-06-27 07:32:02+00:00,92
-0.5653,0.235,0.656,0.109,nytimes,@NYTimes,500 died. 50 villages destroyed. Tens of thousands displaced. Yet this is not a war zone. It is farm country in Nig‚Ä¶ https://t.co/affhI8Tseq,2018-06-27 07:17:01+00:00,93
0.0,0.0,1.0,0.0,nytimes,@NYTimes,Who Is Alexandria Ocasio-Cortez? A Democratic Giant Slayer https://t.co/RKe0g4XUGF,2018-06-27 07:15:10+00:00,94
0.0,0.0,1.0,0.0,nytimes,@NYTimes,A dozen Australian politicians were treated to lavish overseas trips by a Chinese technology company that is alread‚Ä¶ https://t.co/8vhhubGV8B,2018-06-27 07:02:04+00:00,95
0.0,0.0,1.0,0.0,nytimes,@NYTimes,RT @NYTScience: How spiders ride the wind https://t.co/OJJBFK9q1c https://t.co/xL9BUcotqG,2018-06-27 06:33:01+00:00,96
-0.8074,0.549,0.451,0.0,nytimes,@NYTimes,"In Italy, Immigrants Evoke Fear, Not Racism https://t.co/kLelNBZD33",2018-06-27 06:10:35+00:00,97
-0.6249,0.177,0.823,0.0,nytimes,@NYTimes,"Remember the ""ecce homo"" painting in Spain that was called one of the worst restoration projects in modern history?‚Ä¶ https://t.co/wZkdcsNXEr",2018-06-27 06:02:02+00:00,98
-0.4767,0.162,0.838,0.0,nytimes,@NYTimes,"RT @nytimesarts: ""You are causing suffering and division,"" David Lynch wrote to President Trump on Facebook. https://t.co/LGrlem92wF",2018-06-27 05:31:06+00:00,99
0.0,0.0,1.0,0.0,nytimes,@NYTimes,President Trump has often lauded Harley-Davidson as a U.S. icon and job creator. Now he's lashing out over its plan‚Ä¶ https://t.co/4GXnm6bdzP,2018-06-27 05:03:07+00:00,100
0.0,0.0,1.0,0.0,CNN,@CNN,RT @CuomoPrimeTime: DNC Chair @TomPerez: Dems can ‚Äúabsolutely‚Äù retake the Senate #CuomoPrimeTime https://t.co/ZO8ELDK9dK https://t.co/qdfxz‚Ä¶,2018-06-28 02:21:57+00:00,1
-0.6124,0.208,0.792,0.0,CNN,@CNN,"RT @CuomoPrimeTime: ‚ÄúIt‚Äôs not a trophy, its the future of America.‚Äù 

Democrat Sen. @AmyKlobuchar‚Äôs warning on the coming fight in the Sena‚Ä¶",2018-06-28 02:19:54+00:00,2
0.0,0.0,1.0,0.0,CNN,@CNN,RT @CuomoPrimeTime: GOP @SenJohnKennedy tells @ChrisCuomo he believes Senate Majority Leader McConnell will manage to rally Republicans to‚Ä¶,2018-06-28 02:18:40+00:00,3
-0.4588,0.188,0.812,0.0,CNN,@CNN,Democrats: Don't jump to conclusions about Rep. Joe Crowley's defeat https://t.co/i5pQTQtHBT (via @CNNOpinion) https://t.co/vyriQYZHJq,2018-06-28 02:15:05+00:00,4
0.5574,0.0,0.783,0.217,CNN,@CNN,Supreme Court won't have the last word on worker rights https://t.co/WwDXEZk2t2 (via @CNNOpinion) https://t.co/D172EA0VGr,2018-06-28 02:00:21+00:00,5
0.4939,0.0,0.714,0.286,CNN,@CNN,How a rap lyric inspired a multimillion-dollar online platform https://t.co/8Cuwc2qHuR https://t.co/mvY9eVjFp1,2018-06-28 01:45:06+00:00,6
-0.5423,0.2,0.8,0.0,CNN,@CNN,"President Trump calls Rep. Joe Crowley a ""slovenly man"" who ""got his ass kicked"" https://t.co/zDtfWluoaS https://t.co/69YjlWrecr",2018-06-28 01:35:05+00:00,7
0.1796,0.158,0.644,0.199,CNN,@CNN,"Justice Anthony Kennedy's departure is deeply worrying, writes Richard Lazarus for @CNNOpinion‚Ä¶ https://t.co/AwgeJSjFHU",2018-06-28 01:30:09+00:00,8
0.6808,0.0,0.763,0.237,CNN,@CNN,"President Trump says Justice Kennedy's retirement ""makes the issue of Senate control one of the vital issues of our‚Ä¶ https://t.co/mhMFWjveYE",2018-06-28 01:25:03+00:00,9
-0.7579,0.351,0.649,0.0,CNN,@CNN,"President Trump mocks Rep. Joe Crowley, saying he ""got his ass kicked"" https://t.co/csUN8OqC04 https://t.co/uD18bh9Xie",2018-06-28 01:20:08+00:00,10
0.2732,0.0,0.89,0.11,CNN,@CNN,Former Fox News executive Bill Shine has accepted a senior position in President Trump's administration. His road t‚Ä¶ https://t.co/496lLGmcQb,2018-06-28 01:15:10+00:00,11
-0.6705,0.333,0.667,0.0,CNN,@CNN,"President Trump mocks Hillary Clinton at rally, laments on Russia investigation https://t.co/jqbtScmY7M https://t.co/F4CVqW9xQj",2018-06-28 01:07:23+00:00,12
0.7906,0.0,0.72,0.28,CNN,@CNN,President Trump says he wants to choose a Supreme Court justice who will be there for 40 or 45 years‚Ä¶ https://t.co/vwewpy020x,2018-06-28 01:00:08+00:00,13
-0.6705,0.302,0.566,0.132,CNN,@CNN,"President Trump says he's ""more exciting"" and ""a hell of a lot more dangerous"" than the NFL https://t.co/6ScuukTqDb https://t.co/OhZu6WojEd",2018-06-28 00:55:08+00:00,14
0.0,0.0,1.0,0.0,CNN,@CNN,President Trump begins North Dakota rally with remarks on crowd sizes https://t.co/Cpk8qcuyUW https://t.co/SoV2zjrgTE,2018-06-28 00:50:05+00:00,15
0.0,0.0,1.0,0.0,CNN,@CNN,"""I think that we do need to elect a generation of new people to Congress on both parties,‚Äù says Ocasio-Cortez, addi‚Ä¶ https://t.co/dkfFH9ywcm",2018-06-28 00:45:00+00:00,16
0.8807,0.0,0.651,0.349,CNN,@CNN,"""So many people across the country are inspired by this win and inspired about this race because of what it represe‚Ä¶ https://t.co/VwrdWR4YPD",2018-06-28 00:31:07+00:00,17
0.0,0.0,1.0,0.0,CNN,@CNN,"Money isn't everything in a political race ‚Äúif you really understand your community,"" Alexandria Ocasio-Cortez says‚Ä¶ https://t.co/aYylUfAQuq",2018-06-28 00:23:38+00:00,18
-0.6597,0.293,0.707,0.0,CNN,@CNN,Senate Democrats are powerless to stop Trump SCOTUS pick https://t.co/wR3A8bDIJj | Analysis by Chris Cillizza https://t.co/XoMCpBzzJa,2018-06-28 00:00:05+00:00,19
-0.25,0.143,0.762,0.095,CNN,@CNN,"Ben Jealous, a former NAACP leader endorsed by Bernie Sanders, moved a step closer to becoming Maryland's first bla‚Ä¶ https://t.co/2jUyBLvNIe",2018-06-27 23:44:06+00:00,20
0.0,0.0,1.0,0.0,CNN,@CNN,"The Netherlands is banning face coverings, including burqas and niqabs, in public spaces such as schools, hospitals‚Ä¶ https://t.co/VkwfiLLjXe",2018-06-27 23:37:04+00:00,21
0.3612,0.0,0.815,0.185,CNN,@CNN,Google's eerily human phone bot is ready for the real world https://t.co/Y5dD19nsZR,2018-06-27 23:30:11+00:00,22
-0.25,0.133,0.867,0.0,CNN,@CNN,Beer is being rationed in the UK because of a shortage of carbon dioxide https://t.co/K56oMw0jBP,2018-06-27 23:23:05+00:00,23
0.2732,0.138,0.659,0.204,CNN,@CNN,"Report highlights gender discrimination, lack of female representation in Justice Department https://t.co/BjDzDUUb9d https://t.co/OvyJmlPnJK",2018-06-27 23:16:46+00:00,24
0.0,0.0,1.0,0.0,CNN,@CNN,"Trump ""has been the one that has caused what we see happening today where people are trying to push back on his pol‚Ä¶ https://t.co/X3vBWK988W",2018-06-27 23:07:51+00:00,25
0.0,0.0,1.0,0.0,CNN,@CNN,"Trump ""has been the one that has caused what we see happening today where people are trying to push back on his pol‚Ä¶ https://t.co/zDfrHdUigV",2018-06-27 22:56:00+00:00,26
0.0516,0.142,0.708,0.151,CNN,@CNN,"When one of his customers was choking, this Chick-fil-A employee stepped in to save him https://t.co/zrAZWw7NNB https://t.co/ULfqKipgDB",2018-06-27 22:49:41+00:00,27
0.0,0.0,1.0,0.0,CNN,@CNN,Boeing's hypersonic passenger plane could get you from New York to London in 2 hours https://t.co/eqgR0d4td7 https://t.co/TQMnwnbR5Y,2018-06-27 22:42:28+00:00,28
0.0,0.0,1.0,0.0,CNN,@CNN,"In the 9 months leading up to this weekend's presidential election in Mexico, 130 candidates have been killed‚Ä¶ https://t.co/8bTYXy45eK",2018-06-27 22:35:09+00:00,29
0.5574,0.0,0.859,0.141,CNN,@CNN,"The Supreme Court ‚Äúshould be made up of people who can base their decisions on the law, the facts, precedent, and u‚Ä¶ https://t.co/GU0B9jSyAn",2018-06-27 22:28:00+00:00,30
0.0,0.0,1.0,0.0,CNN,@CNN,"Marrying a Syrian means breaking up with America, writes Anna Lekas Miller for @CNNOpinion https://t.co/I59xCsE5pp https://t.co/1PEt45Z5yg",2018-06-27 22:21:47+00:00,31
-0.296,0.115,0.885,0.0,CNN,@CNN,"Secretary of State Mike Pompeo tells US lawmakers that North Korea remains a nuclear threat, but defends President‚Ä¶ https://t.co/SEujGpN7RL",2018-06-27 22:12:55+00:00,32
0.0,0.0,1.0,0.0,CNN,@CNN,"""Every time I'm talking with my mom, and she gives the phone to my baby brother, he doesn't know who I am.""

After‚Ä¶ https://t.co/7L2mOZu40d",2018-06-27 22:02:00+00:00,33
-0.4767,0.171,0.829,0.0,CNN,@CNN,"Broward County, where the Parkland attack happened, votes to put armed personnel in every school‚Ä¶ https://t.co/tkE3SSn5MK",2018-06-27 21:55:04+00:00,34
0.3612,0.0,0.815,0.185,CNN,@CNN,"President Trump: When considering tariffs, think like a Harley-Davidson rider https://t.co/YytoocOaPb (via‚Ä¶ https://t.co/NVgkt4rF0l",2018-06-27 21:48:08+00:00,35
0.0,0.0,1.0,0.0,CNN,@CNN,"November is going to be a referendum on Trump, writes Errol Louis for @CNNOpinion https://t.co/xaQHAlTLG4 https://t.co/lAfobHCpZe",2018-06-27 21:41:06+00:00,36
0.5106,0.0,0.829,0.171,CNN,@CNN,Migrant rescue ship Lifeline to dock in Malta after being stranded for 5 days in the Mediterranean‚Ä¶ https://t.co/I42dGGKx3t,2018-06-27 21:34:07+00:00,37
0.0516,0.142,0.708,0.151,CNN,@CNN,"When one of his customers was choking, this Chick-fil-A employee stepped in to save him https://t.co/48G98T9vMe https://t.co/1y9RX8QOTG",2018-06-27 21:27:04+00:00,38
0.0,0.0,1.0,0.0,CNN,@CNN,"Meet Alexandria Ocasio-Cortez, the 28-year-old Latina and Democratic socialist who is now a new face for the Democr‚Ä¶ https://t.co/EnfaxwgKvZ",2018-06-27 21:20:06+00:00,39
0.0,0.0,1.0,0.0,CNN,@CNN,Here's everything you need to know about tonight's Strawberry Moon https://t.co/X51oi9eWCg https://t.co/HwR8rcSMEm,2018-06-27 21:13:03+00:00,40
0.4939,0.0,0.802,0.198,CNN,@CNN,A man who couldn't swim sacrifices his life to save a boy from drowning https://t.co/WZcEuIuPkZ https://t.co/cFfikmBGY4,2018-06-27 21:06:07+00:00,41
0.0,0.0,1.0,0.0,CNN,@CNN,Why I'm burying a beer can in the backyard https://t.co/QaDmBv89Dg (via @CNNOpinion) https://t.co/QjtqRjVc45,2018-06-27 20:59:08+00:00,42
0.0,0.0,1.0,0.0,CNN,@CNN,Could life exist on Saturn's moon Enceladus? https://t.co/zOZbFyHXy5 https://t.co/tjHGMOnDQB,2018-06-27 20:52:05+00:00,43
-0.8074,0.399,0.601,0.0,CNN,@CNN,Texas steel pipe manufacturer becomes casualty of President Trump's trade war https://t.co/GOaXARleoc https://t.co/WKs6n7eZFV,2018-06-27 20:45:05+00:00,44
0.5574,0.0,0.825,0.175,CNN,@CNN,Senate Judiciary Chairman Chuck Grassley dismisses calls by Democrats to punt on a Supreme Court nominee until afte‚Ä¶ https://t.co/2B6PN5vYOD,2018-06-27 20:38:11+00:00,45
0.6908,0.0,0.659,0.341,CNN,@CNN,"Democratic congressional candidate Alexandria Ocasio-Cortez endorses New York gubernatorial hopeful Cynthia Nixon,‚Ä¶ https://t.co/CflSvxUXkE",2018-06-27 20:26:00+00:00,46
0.0,0.0,1.0,0.0,CNN,@CNN,Democratic Sen. Dianne Feinstein urges Congress to wait until after the midterm elections to select a replacement f‚Ä¶ https://t.co/Wgnd7tE6op,2018-06-27 20:19:05+00:00,47
0.6597,0.0,0.69,0.31,CNN,@CNN,Justice Anthony Kennedy's retirement just confirmed every Republican's dream scenario for President Trump‚Ä¶ https://t.co/Hyc8OoSgai,2018-06-27 20:12:04+00:00,48
0.5267,0.0,0.841,0.159,CNN,@CNN,Senate Majority Leader Mitch McConnell says his chamber will work to replace Justice Anthony Kennedy before the mid‚Ä¶ https://t.co/hTIcbbfWmh,2018-06-27 20:05:08+00:00,49
0.7906,0.0,0.611,0.389,CNN,@CNN,These are potential Supreme Court nominees that could replace Justice Kennedy https://t.co/6zYySjh2dJ https://t.co/0en7ks7H7U,2018-06-27 19:56:04+00:00,50
-0.2924,0.103,0.897,0.0,CNN,@CNN,"""They are conservative ideologues, not mainstream jurists. We cannot and will not accept them to serve on the highe‚Ä¶ https://t.co/1MbxoP3I2A",2018-06-27 19:49:06+00:00,51
-0.4449,0.133,0.867,0.0,CNN,@CNN,"""Our Republican colleagues in the Senate should follow the rule they set in 2016 ‚Äî not to consider a Supreme Court‚Ä¶ https://t.co/hLVPGqvI4b",2018-06-27 19:42:00+00:00,52
0.5267,0.0,0.746,0.254,CNN,@CNN,Read Justice Anthony Kennedy's retirement letter to President Trump https://t.co/ayuwi97MR2 https://t.co/xlWFrpWZaB,2018-06-27 19:35:06+00:00,53
0.5859,0.0,0.758,0.242,CNN,@CNN,"Republican Sen. Chuck Grassley hails Justice Kennedy's service, saying he is a ""staunch defender of First Amendment‚Ä¶ https://t.co/X1AXlSA5i8",2018-06-27 19:28:41+00:00,54
0.0258,0.134,0.729,0.138,CNN,@CNN,Democratic Sen. Dick Durbin has called on the Senate to wait to consider Trump's nominee to replace Justice Kennedy‚Ä¶ https://t.co/MCnrcADQS6,2018-06-27 19:21:09+00:00,55
0.4404,0.0,0.861,0.139,CNN,@CNN,"""Now we‚Äôll have to find a worthy successor."" Republican Sen. Lindsey Graham says President Trump has a lot of ""good‚Ä¶ https://t.co/h6wPu3lo2G",2018-06-27 19:14:06+00:00,56
0.5267,0.0,0.861,0.139,CNN,@CNN,President Trump says he has a list of 25 people that will be considered to replace Justice Anthony Kennedy on the S‚Ä¶ https://t.co/pzUY6F4e9W,2018-06-27 19:07:00+00:00,57
0.9022,0.0,0.605,0.395,CNN,@CNN,"""He‚Äôs been a great justice of the Supreme Court."" President Trump took a few moments to address the retirement of S‚Ä¶ https://t.co/222pifAMgX",2018-06-27 19:00:01+00:00,58
0.6486,0.0,0.762,0.238,CNN,@CNN,"""We will vote to confirm Justice Kennedy's successor this fall,"" says Majority Leader Sen. Mitch McConnell after Ju‚Ä¶ https://t.co/jjzm56eBil",2018-06-27 18:53:00+00:00,59
0.8316,0.0,0.63,0.37,CNN,@CNN,"President Trump will push for the swift confirmation of a Supreme Court justice ""before the midterm elections,"" a s‚Ä¶ https://t.co/GoJKdqOTN5",2018-06-27 18:47:08+00:00,60
0.7906,0.0,0.611,0.389,CNN,@CNN,Here's a brief timeline of Justice Anthony Kennedy's key Supreme Court decisions https://t.co/0k0RUeFosd https://t.co/282cDaGB6d,2018-06-27 18:40:05+00:00,61
0.1027,0.0,0.924,0.076,CNN,@CNN,A Japanese spacecraft has reached a diamond-shaped asteroid three years after setting off on its mission to learn a‚Ä¶ https://t.co/XJLb6zE2NH,2018-06-27 18:29:30+00:00,62
0.7506,0.0,0.714,0.286,CNN,@CNN,Anthony Kennedy's decision to step down from the Supreme Court gives President Trump a second opportunity to nomina‚Ä¶ https://t.co/UqUIT7CLb7,2018-06-27 18:20:00+00:00,63
-0.5994,0.214,0.786,0.0,CNN,@CNN,House Democrats are in shock as they assess what Joe Crowley's loss to a 28-year-old political newcomer means for l‚Ä¶ https://t.co/B3auAMM2Bl,2018-06-27 18:15:49+00:00,64
0.5267,0.0,0.815,0.185,CNN,@CNN,"BREAKING: Justice Anthony Kennedy, a conservative who provided key votes for same sex-marriage, abortion access and‚Ä¶ https://t.co/p9Jn6p6BL2",2018-06-27 18:05:00+00:00,65
-0.5719,0.239,0.761,0.0,CNN,@CNN,"JUST IN: House overwhelmingly rejects Republican immigration bill, despite last-minute push by President Trump to s‚Ä¶ https://t.co/6lHY4YY0Yp",2018-06-27 17:58:44+00:00,66
0.0,0.0,1.0,0.0,CNN,@CNN,This Colorado Democrat could become first openly gay man elected governor in US https://t.co/hgiOXjsOUB https://t.co/H6aSP5gMYo,2018-06-27 17:48:12+00:00,67
0.0,0.0,1.0,0.0,CNN,@CNN,"Here's what we've learned about 'Oumuamua, the cigar-shaped interstellar visitor that was spotted in October tumbli‚Ä¶ https://t.co/MgMOwK1wWc",2018-06-27 17:38:05+00:00,68
-0.7906,0.292,0.708,0.0,CNN,@CNN,"A funeral was held for Junior Guzman-Feliz, a 15-year-old killed in a gang stabbing in New York last week that has‚Ä¶ https://t.co/HADmIUGcnh",2018-06-27 17:23:43+00:00,69
-0.1531,0.096,0.904,0.0,CNN,@CNN,What does America's falling birth rate mean for the economy? Just look at Arizona https://t.co/Oy7GT3RhoB https://t.co/xE4NFTGRLL,2018-06-27 17:09:19+00:00,70
0.0,0.0,1.0,0.0,CNN,@CNN,"In a six-day span, only six children were reunited with their families after being separated at the US border. More‚Ä¶ https://t.co/zEFZtN4Gg4",2018-06-27 16:54:10+00:00,71
0.2023,0.115,0.729,0.156,CNN,@CNN,"A federal grand jury indicted the suspect behind last summer's deadly vehicle incident in Charlottesville, Virginia‚Ä¶ https://t.co/B9BJhAMrU3",2018-06-27 16:41:01+00:00,72
-0.4767,0.163,0.769,0.068,CNN,@CNN,"BREAKING: Joe Jackson, the patriarch who launched the Jackson family dynasty, has died, a source close to the famil‚Ä¶ https://t.co/WefGb7Q7gb",2018-06-27 16:29:53+00:00,73
0.5574,0.0,0.816,0.184,CNN,@CNN,"President Trump is speaking at a White House event after the Supreme Court's union ruling 

Watch live: https://t.co/T3E0vuOqsj",2018-06-27 16:23:30+00:00,74
-0.7003,0.254,0.746,0.0,CNN,@CNN,Changes to a 16th-century polychrome statue of San Jorge (St George) provoked anger among some art experts and inev‚Ä¶ https://t.co/gj2iwiHKxA,2018-06-27 16:14:31+00:00,75
0.0,0.0,1.0,0.0,CNN,@CNN,"A 6-year-old's lemonade stand helped raise $13,000 for separated migrant families https://t.co/UjkonfhV3X https://t.co/gV1W52XK3y",2018-06-27 16:00:24+00:00,76
0.5859,0.0,0.808,0.192,CNN,@CNN,"Senate Majority Leader Mitch McConnell says the win by Alexandria Ocasio-Cortez, a 28-year-old running her first ca‚Ä¶ https://t.co/OZDGwAhTJe",2018-06-27 15:47:55+00:00,77
-0.4404,0.153,0.847,0.0,CNN,@CNN,"A judge denied rapper Meek Mill's petition for a new trial, despite the district attorney's office recommending tha‚Ä¶ https://t.co/BFQhWcfekN",2018-06-27 15:36:21+00:00,78
0.0,0.0,1.0,0.0,CNN,@CNN,"The Smithsonian has unveiled a design for the National Native American Veterans Memorial, which will be placed on t‚Ä¶ https://t.co/dCwD3oAtJ7",2018-06-27 15:24:45+00:00,79
0.0258,0.166,0.663,0.171,CNN,@CNN,Facebook has abandoned an ambitious plan to design and produce its own drones. https://t.co/OsmYnonbis,2018-06-27 15:14:06+00:00,80
0.25,0.159,0.625,0.216,CNN,@CNN,Former government contractor Reality Winner pleads guilty to leaking classified material https://t.co/xPDaOkB47K https://t.co/V4FIWATsB2,2018-06-27 15:02:32+00:00,81
-0.5106,0.157,0.786,0.057,CNN,@CNN,"""We are committing human rights abuses on this border in separating children from their families,"" says New York co‚Ä¶ https://t.co/0JsvHEAZXn",2018-06-27 14:55:00+00:00,82
0.0,0.0,1.0,0.0,CNN,@CNN,White House press secretary Sarah Sanders is expected to receive Secret Service protection https://t.co/J9L7pDzbIs https://t.co/kF76b1GP2b,2018-06-27 14:50:11+00:00,83
-0.296,0.151,0.849,0.0,CNN,@CNN,The Virginia restaurant owner who asked White House press secretary Sarah Sanders to leave has resigned from the to‚Ä¶ https://t.co/LlHIYmjiGB,2018-06-27 14:38:04+00:00,84
0.5859,0.0,0.798,0.202,CNN,@CNN,Alexandria Ocasio-Cortez's win will likely make her the youngest person in Congress in 2019 https://t.co/pMUjLQSfR6 https://t.co/zMoh38VPDb,2018-06-27 14:26:52+00:00,85
0.4404,0.073,0.773,0.155,CNN,@CNN,JUST IN: The Supreme Court deals a major blow to public-sector unions in a case that could shake their financial st‚Ä¶ https://t.co/WesRgtLab3,2018-06-27 14:14:58+00:00,86
-0.1027,0.145,0.773,0.082,CNN,@CNN,The restaurant owner who asked Sarah Sanders to leave has resigned from the top post of a local business group https://t.co/etysLMTrW7,2018-06-27 13:53:38+00:00,87
0.1027,0.0,0.924,0.076,CNN,@CNN,A Japanese spacecraft has reached a diamond-shaped asteroid three years after setting off on its mission to learn a‚Ä¶ https://t.co/U0XVLYP4pB,2018-06-27 13:37:41+00:00,88
-0.5106,0.157,0.786,0.057,CNN,@CNN,"""We are committing human rights abuses on this border in separating children from their families,"" says New York co‚Ä¶ https://t.co/9OTv5cGPUg",2018-06-27 13:26:12+00:00,89
0.7506,0.0,0.758,0.242,CNN,@CNN,RT @CNNPolitics: Alexandria Ocasio-Cortez will not say if she would support Nancy Pelosi for speaker if she wins in November and Democrats‚Ä¶,2018-06-27 13:18:39+00:00,90
0.9322,0.0,0.589,0.411,CNN,@CNN,"RT @CNNPolitics: ""We won because we organized. We won because I think we had a very clear, winning message and we took that message to door‚Ä¶",2018-06-27 13:13:57+00:00,91
0.5859,0.0,0.774,0.226,CNN,@CNN,New York Democrat Alexandria Ocasio-Cortez discusses her primary night win. Watch live: https://t.co/vhkaPaA3uB https://t.co/lYNj8K8WhK,2018-06-27 13:13:49+00:00,92
0.4019,0.0,0.847,0.153,CNN,@CNN,What Alexandria Ocasio-Cortez's victory says about the Democratic Party and 2020 | Analysis by Harry Enten‚Ä¶ https://t.co/pnoOjHEmb3,2018-06-27 13:00:47+00:00,93
-0.8442,0.363,0.637,0.0,CNN,@CNN,"JUST IN: A Pittsburgh-area officer has been charged with criminal homicide in the death of Antwon Rose, an unarmed‚Ä¶ https://t.co/rVPbXFSYLP",2018-06-27 12:45:06+00:00,94
0.0,0.0,1.0,0.0,CNN,@CNN,"On the Mexico border, Latino Republicans back President Trump's immigration plans https://t.co/M0cK75CTAv https://t.co/4KaNigqwhb",2018-06-27 12:37:24+00:00,95
0.0,0.0,1.0,0.0,CNN,@CNN,JUST IN: White House decides against outright limits on Chinese investment https://t.co/MqMrx3PyoJ https://t.co/vdhUECfX8v,2018-06-27 12:25:32+00:00,96
0.0,0.0,1.0,0.0,CNN,@CNN,"Mars is often referred to as the Red Planet, but pictures from one of NASA's orbiters showed what appeared to be a‚Ä¶ https://t.co/9KBq3JSYch",2018-06-27 12:14:08+00:00,97
-0.1779,0.072,0.928,0.0,CNN,@CNN,A mother has shot a man who flew from New Zealand to the US to confront her 14-year-old daughter whom he had met on‚Ä¶ https://t.co/IBRznGQjVE,2018-06-27 12:02:17+00:00,98
0.2732,0.0,0.89,0.11,CNN,@CNN,"A piece of chewing gum, a bottle of water and new DNA technology may have just solved a teacher's murder‚Ä¶ https://t.co/mZz14hTK6f",2018-06-27 11:50:59+00:00,99
-0.2263,0.139,0.861,0.0,CNN,@CNN,"Galvanized by the issue of teachers pay and school funding, Oklahoma teachers marched and protested in the state Ca‚Ä¶ https://t.co/hZy59EsrpY",2018-06-27 11:39:58+00:00,100
-0.3182,0.183,0.71,0.107,FoxNews,@FOXNews,'Admit How Wrong You Were': @seanhannity Rips 'Never-Trumpers' as Second SCOTUS Spot Opens https://t.co/gHjkiVgTcw,2018-06-28 02:19:11+00:00,1
-0.4767,0.205,0.795,0.0,FoxNews,@FOXNews,"Captain of Juarez-El Paso Barrio Azteca gang, wanted by FBI, is arrested https://t.co/lF6nA2Q2ZA",2018-06-28 02:15:21+00:00,2
-0.5574,0.223,0.777,0.0,FoxNews,@FOXNews,".@seanhannity: ""Make no mistake, as soon as the president taps whoever Anthony Kennedy's replacement will be, you'r‚Ä¶ https://t.co/EBwKf2z0JH",2018-06-28 02:07:20+00:00,3
0.0,0.0,1.0,0.0,FoxNews,@FOXNews,".@JCNSeverino: ""What I predict is we get a [Supreme Court] nominee who is basically Gorsuch 2.0...I don't see how [‚Ä¶ https://t.co/607TRYfnrQ",2018-06-28 02:05:29+00:00,4
0.0,0.0,1.0,0.0,FoxNews,@FOXNews,"During a campaign rally in North Dakota, President @realDonaldTrump said that when it comes to trade, the days of o‚Ä¶ https://t.co/atoAloZyaR",2018-06-28 02:04:24+00:00,5
0.0,0.0,1.0,0.0,FoxNews,@FOXNews,Woman who allegedly led cops on chase flips off camera in booking photo. https://t.co/bGOewA2BBg,2018-06-28 01:56:43+00:00,6
-0.926,0.641,0.359,0.0,FoxNews,@FOXNews,"Texas executes prisoner linked to 4 killings, at least 9 rapes. https://t.co/k0xys9AgVC",2018-06-28 01:50:45+00:00,7
-0.7506,0.385,0.455,0.161,FoxNews,@FOXNews,"Wife of U-Haul billionaire allegedly dumps sick dogs on charity, agrees to pay medical bills after a nasty spat. https://t.co/BkD8sQYMJQ",2018-06-28 01:44:59+00:00,8
0.0,0.0,1.0,0.0,FoxNews,@FOXNews,Florida woman paddleboards from Cuba to Key West. https://t.co/UQoD9vsT6g,2018-06-28 01:39:39+00:00,9
-0.875,0.526,0.474,0.0,FoxNews,@FOXNews,8 gang-affiliated men charged with murder in fatal stabbing of Bronx teen. https://t.co/oYFhklGk7Q,2018-06-28 01:32:27+00:00,10
0.7906,0.0,0.708,0.292,FoxNews,@FOXNews,".@POTUS, at North Dakota rally, pushes for Supreme Court justice who could serve 'for 40 to 45 years'
https://t.co/JuOTh3kUVh",2018-06-28 01:25:40+00:00,11
0.3818,0.0,0.867,0.133,FoxNews,@FOXNews,"President @realDonaldTrump: ""Every day we are keeping our promises. But to keep this momentum going, we need‚Ä¶ https://t.co/ljyTuOw4jw",2018-06-28 01:22:56+00:00,12
0.3612,0.1,0.693,0.208,FoxNews,@FOXNews,"President @realDonaldTrump on trade: ""The era of global freeloading and taking advantage of the United States is ov‚Ä¶ https://t.co/psA9C2Zvxd",2018-06-28 01:18:51+00:00,13
0.0,0.0,1.0,0.0,FoxNews,@FOXNews,"President @realDonaldTrump: ""When we're $500 billion down, they say 'Trump is starting a trade war.' I say, 'No, th‚Ä¶ https://t.co/8OktZiEHla",2018-06-28 01:14:11+00:00,14
0.3182,0.0,0.85,0.15,FoxNews,@FOXNews,"President @realDonaldTrump on trade: ""We are going to make trade fair and reciprocal."" https://t.co/I861y2BDVz",2018-06-28 01:09:46+00:00,15
-0.296,0.155,0.845,0.0,FoxNews,@FOXNews,"President @realDonaldTrump on tax cuts: ""Our plan doubled the child tax credit."" https://t.co/SsrGBbdHgW",2018-06-28 01:05:02+00:00,16
0.0,0.0,1.0,0.0,FoxNews,@FOXNews,.@realDonaldTrump Rips @RepMaxineWaters at ND Rally: 'Imagine If I Said Those Things' https://t.co/mQoidp2AAO,2018-06-28 01:03:57+00:00,17
0.0,0.0,1.0,0.0,FoxNews,@FOXNews,"President @realDonaldTrump on trade: ""Do you see what's happening with our steel industry in the last four months?‚Ä¶ https://t.co/81aqcXnGkB",2018-06-28 00:50:36+00:00,18
0.0,0.0,1.0,0.0,FoxNews,@FOXNews,"President @realDonaldTrump: ""We put tariffs on solar panels because China was flooding the market and it wasn't goo‚Ä¶ https://t.co/EsPYyOIWJC",2018-06-28 00:49:04+00:00,19
0.802,0.0,0.644,0.356,FoxNews,@FOXNews,"President @realDonaldTrump: ""We're respected again, we're putting America first, we're making great trade deals."" https://t.co/A7O00SAN6E",2018-06-28 00:46:05+00:00,20
0.7717,0.0,0.565,0.435,FoxNews,@FOXNews,"President @realDonaldTrump: ""We will protect our law enforcement like they protect us."" https://t.co/uJfX4Kqiuj",2018-06-28 00:42:38+00:00,21
0.0,0.0,1.0,0.0,FoxNews,@FOXNews,"President @realDonaldTrump: ""[Democrats] keep talking about this blue wave. Their blue wave is really sputtering pr‚Ä¶ https://t.co/Ebx4uwaEoa",2018-06-28 00:39:02+00:00,22
0.8173,0.0,0.706,0.294,FoxNews,@FOXNews,"President @realDonaldTrump on Justice Kennedy retiring: ""I'm very honored that he chose to do it during my term in‚Ä¶ https://t.co/0lXcoESTyK",2018-06-28 00:37:12+00:00,23
-0.7096,0.258,0.742,0.0,FoxNews,@FOXNews,"President @realDonaldTrump: ""The travel ban ruling underscores just how critical it is to confirm judges who will s‚Ä¶ https://t.co/QFsqDLlzVd",2018-06-28 00:33:02+00:00,24
0.0,0.0,1.0,0.0,FoxNews,@FOXNews,"President @realDonaldTrump: ""A vote for any Democrat in November is a vote for @SenSchumer, @NancyPelosi and‚Ä¶ https://t.co/GGTJanlJks",2018-06-28 00:28:47+00:00,25
-0.1419,0.084,0.916,0.0,FoxNews,@FOXNews,"President @realDonaldTrump: ""You need a senator who doesn't just talk like they're from North Dakota, but votes lik‚Ä¶ https://t.co/4tQNXEc1Mp",2018-06-28 00:27:17+00:00,26
0.0,0.0,1.0,0.0,FoxNews,@FOXNews,"President @realDonaldTrump: ""ObamaCare is essentially dead."" https://t.co/SVlX3KlugG",2018-06-28 00:25:21+00:00,27
0.7506,0.0,0.748,0.252,FoxNews,@FOXNews,"President @realDonaldTrump on health care: ""We are coming out with so many health care plans that are so much bette‚Ä¶ https://t.co/OD7MVeoXoU",2018-06-28 00:24:53+00:00,28
0.0,0.0,1.0,0.0,FoxNews,@FOXNews,".@RepKevinCramer: ""All I can say is, Mr. President, on behalf of all of the thousands of people in this arena, and‚Ä¶ https://t.co/uIogWwz8h0",2018-06-28 00:22:28+00:00,29
0.6249,0.0,0.728,0.272,FoxNews,@FOXNews,".@POTUS holds a ""Make America Great Again"" rally in Fargo, North Dakota. https://t.co/Bxk0nLbwIj",2018-06-28 00:08:39+00:00,30
-0.0258,0.108,0.788,0.104,FoxNews,@FOXNews,".@BenShapiro on Socialist Who Upset NY Primary: Just Like Bernie, She Has Radical Ideas That Can Never Be Paid For. https://t.co/f64BRv8hzG",2018-06-28 00:06:03+00:00,31
0.0,0.0,1.0,0.0,FoxNews,@FOXNews,"Bill Shine, former Fox News co-president, to take on senior communications role at White House. https://t.co/33ZNi2jUTA",2018-06-27 23:57:01+00:00,32
-0.5994,0.178,0.822,0.0,FoxNews,@FOXNews,Firefighters in Maine helped a 97-year-old widow of a World War II veteran with the patriotic task of raising a new‚Ä¶ https://t.co/x1hWo6uK5N,2018-06-27 23:53:32+00:00,33
0.3612,0.0,0.872,0.128,FoxNews,@FOXNews,".@gen_jackkeane on upcoming @POTUS meeting with Russian President Putin: ""A meeting like this does give [Putin] a s‚Ä¶ https://t.co/GTThjAfrpC",2018-06-27 23:47:28+00:00,34
-0.34,0.118,0.882,0.0,FoxNews,@FOXNews,".@RepGoodlatte on the hearing with embattled FBI agent Peter Strzok: ""Unfortunately the FBI counsel in the room has‚Ä¶ https://t.co/8wNf54TZZL",2018-06-27 23:39:45+00:00,35
0.0,0.0,1.0,0.0,FoxNews,@FOXNews,".@benshapiro: ""I think the next wave of Democrats are going to be much closer @BernieSanders brand Democrats than e‚Ä¶ https://t.co/wh7X126Fcz",2018-06-27 23:29:08+00:00,36
0.0,0.0,1.0,0.0,FoxNews,@FOXNews,".@POTUS arrives in Fargo, North Dakota for a campaign rally. (Courtesy: KXJB) https://t.co/z4rJZ3bwor",2018-06-27 23:24:56+00:00,37
0.7906,0.0,0.696,0.304,FoxNews,@FOXNews,"Reacting to the retirement of Supreme Court Justice Kennedy, @SenSchumer said that Republicans ""in the Senate shoul‚Ä¶ https://t.co/7tVMU2Kosh",2018-06-27 23:22:29+00:00,38
-0.8591,0.463,0.537,0.0,FoxNews,@FOXNews,"Nonprofit operator of shelters for immigrant kids tells of bomb threats, staff harassment. https://t.co/PqbaVSGv0X",2018-06-27 23:16:04+00:00,39
0.7906,0.0,0.696,0.304,FoxNews,@FOXNews,".@mercedesschlapp on a time frame for @POTUS' Supreme Court justice nomination: ""He wants to move quickly on this.""‚Ä¶ https://t.co/LwxRvkhK0B",2018-06-27 23:09:56+00:00,40
0.8955,0.0,0.546,0.454,FoxNews,@FOXNews,".@mercedesschlapp on @POTUS' meeting with Justice Kennedy: ""The president was incredibly thankful for Justice Kenne‚Ä¶ https://t.co/io1XItu3Ep",2018-06-27 23:06:27+00:00,41
-0.5719,0.251,0.749,0.0,FoxNews,@FOXNews,New York Times details conditions of Obama-era family detention center: 'No place for human beings' https://t.co/hhjytlYXjl,2018-06-27 22:55:32+00:00,42
0.7184,0.127,0.522,0.351,FoxNews,@FOXNews,"Charles Hurt on replacing Justice Kennedy: ""The greatest 'Never-Trumper' has to admit that Neil Gorsuch was a huge‚Ä¶ https://t.co/yLgXv8VXm2",2018-06-27 22:52:41+00:00,43
0.5267,0.0,0.833,0.167,FoxNews,@FOXNews,".@jonathanvswan on replacing Justice Kennedy: ""[@POTUS] now knows both the political force of this decision and the‚Ä¶ https://t.co/1H2j2UyO4J",2018-06-27 22:48:18+00:00,44
0.4019,0.0,0.787,0.213,FoxNews,@FOXNews,"Maine firefighters help military widow, 97, 'proudly' raise American flag https://t.co/Hvnk9wlZIx",2018-06-27 22:43:58+00:00,45
0.3182,0.0,0.881,0.119,FoxNews,@FOXNews,President @realDonaldTrump is traveling the country to endorse candidates in the GOP primaries. @pdoocy has the sto‚Ä¶ https://t.co/wWNBysi26Q,2018-06-27 22:43:25+00:00,46
0.6908,0.0,0.759,0.241,FoxNews,@FOXNews,"Justice Anthony Kennedy in 1988: ""It is appropriate to recognize an essential truth, and that is that the Constitut‚Ä¶ https://t.co/6aQ8yI8sf5",2018-06-27 22:24:51+00:00,47
0.7906,0.0,0.667,0.333,FoxNews,@FOXNews,A political storm is brewing as President @realDonaldTrump looks to replace Supreme Court Justice Anthony Kennedy.‚Ä¶ https://t.co/XLRzMUOUKh,2018-06-27 22:18:26+00:00,48
0.8591,0.0,0.655,0.345,FoxNews,@FOXNews,A seat on the Supreme Court is opening up as Justice Anthony Kennedy gets ready to retire. @ShannonBream has the la‚Ä¶ https://t.co/M273ec1d6V,2018-06-27 22:16:25+00:00,49
0.7964,0.0,0.705,0.295,FoxNews,@FOXNews,"Leonard Leo on Justice Kennedy retiring: ""[@POTUS] had enormous success in nominating Neil Gorsuch to the court. An‚Ä¶ https://t.co/kbcddSdAfX",2018-06-27 22:14:44+00:00,50
-0.8625,0.49,0.51,0.0,FoxNews,@FOXNews,New York man witnesses daughter's marriage days before losing battle to cancer https://t.co/hZrWXHR7dV,2018-06-27 22:07:54+00:00,51
0.0,0.0,1.0,0.0,FoxNews,@FOXNews,THURSDAY: @BretBaier and @marthamaccallum moderate the Florida GOP gubernatorial debate at 6:30p ET on Fox News Cha‚Ä¶ https://t.co/RDhzC2eu3Z,2018-06-27 21:58:52+00:00,52
-0.5423,0.26,0.639,0.1,FoxNews,@FOXNews,"Hawaii emergency workers slept on the job, emails showed in aftermath of the fake missile alert. https://t.co/EVzIMJzvge",2018-06-27 21:53:52+00:00,53
-0.3612,0.135,0.865,0.0,FoxNews,@FOXNews,"Maxine Waters, Kathy Griffin, Samantha Bee, others targeted in RNC campaign ad criticizing the 'unhinged left' https://t.co/vnWVPRywel",2018-06-27 21:48:30+00:00,54
-0.6908,0.263,0.737,0.0,FoxNews,@FOXNews,"Janoris Jenkins' brother is charged with manslaughter in the death at the NFL star's home, officials say. https://t.co/4L0kg5khCb",2018-06-27 21:40:57+00:00,55
0.872,0.0,0.618,0.382,FoxNews,@FOXNews,"Moments ago, @VP thanked Justice Anthony Kennedy for his service on the U.S. Supreme Court following Kennedy's anno‚Ä¶ https://t.co/45qnpf5Nrf",2018-06-27 21:37:13+00:00,56
-0.3182,0.113,0.887,0.0,FoxNews,@FOXNews,".@kimguilfoyle on @repjoecrowley's primary loss: ""He should have showed up for everything and not mailed it in, he‚Ä¶ https://t.co/yMKIiA2aLb",2018-06-27 21:28:30+00:00,57
-0.9382,0.66,0.34,0.0,FoxNews,@FOXNews,"California man, 77, accused of killing fire captain, charged with capital murder. https://t.co/sSc72Q4prH",2018-06-27 21:20:21+00:00,58
0.0609,0.111,0.767,0.122,FoxNews,@FOXNews,".@JesseBWatters: ""This definitely moves the court to the right and it really puts the pressure on [Justice] Ginsbur‚Ä¶ https://t.co/UHqvV4zFkv",2018-06-27 21:14:04+00:00,59
0.0,0.0,1.0,0.0,FoxNews,@FOXNews,An all-new season of 'OBJECTified' premieres this Sunday with NBA legend @MagicJohnson! Tune in to Fox News Channel‚Ä¶ https://t.co/1Q0L8B3ZKj,2018-06-27 21:12:58+00:00,60
-0.8779,0.552,0.448,0.0,FoxNews,@FOXNews,Benghazi mastermind sentenced to 22 years in prison on federal terrorism charges. https://t.co/33Y6lI7LAE,2018-06-27 21:08:18+00:00,61
-0.2263,0.187,0.67,0.144,FoxNews,@FOXNews,"Janoris Jenkins' brother is person of interest in death at NFL star's home, reports say https://t.co/q7Y9XdOY5l",2018-06-27 20:56:56+00:00,62
0.0,0.0,1.0,0.0,FoxNews,@FOXNews,.@SenSchumer Demands Congress Use 'Biden Rule' in Choosing Kennedy Replacement https://t.co/gyJCSfYRGq,2018-06-27 20:42:00+00:00,63
0.8126,0.0,0.682,0.318,FoxNews,@FOXNews,"Bob Vander Plaats on Justice Kennedy retiring: ""I think this is an opportunity to restore a culture of life in this‚Ä¶ https://t.co/hzQHiOR22k",2018-06-27 20:31:53+00:00,64
0.7096,0.0,0.753,0.247,FoxNews,@FOXNews,"Bob Vander Plaats on Justice Kennedy retiring: ""If [Justice Neil] Gorsuch is a standard, we'd like to see another G‚Ä¶ https://t.co/VgYpLsLUNp",2018-06-27 20:31:09+00:00,65
0.3182,0.106,0.676,0.217,FoxNews,@FOXNews,".@RandPaul on Justice Kennedy's retirement: ""No matter who President @realDonaldTrump picks will be divided along p‚Ä¶ https://t.co/GkyXVcBsrH",2018-06-27 20:25:58+00:00,66
0.5574,0.0,0.625,0.375,FoxNews,@FOXNews,Who are the Supreme Court justices? https://t.co/0VMFK0PBoY,2018-06-27 20:19:43+00:00,67
0.7906,0.0,0.75,0.25,FoxNews,@FOXNews,"Tom Dupree: ""Justice Kennedy has been the swing vote on the Supreme Court for the last decade plus. We are going to‚Ä¶ https://t.co/QwQhPaCQYf",2018-06-27 20:18:09+00:00,68
0.7351,0.0,0.693,0.307,FoxNews,@FOXNews,".@johnrobertsFox on Justice Kennedy retiring: ""[@POTUS] has the opportunity to cement a 5-4 conservative majority a‚Ä¶ https://t.co/1qcFCg8FtA",2018-06-27 20:15:57+00:00,69
0.7906,0.0,0.696,0.304,FoxNews,@FOXNews,Supreme Court Justice Anthony Kennedy announced Wednesday that he's retiring at the end of July. @ShannonBream has‚Ä¶ https://t.co/8mttwhZRbT,2018-06-27 20:07:46+00:00,70
0.7906,0.0,0.652,0.348,FoxNews,@FOXNews,".@SenateMajLdr on Justice Kennedy retiring: ""First and foremost, I want to pause and express our gratitude for the‚Ä¶ https://t.co/vhk5eHGtCm",2018-06-27 20:01:27+00:00,71
0.0,0.0,1.0,0.0,FoxNews,@FOXNews,.@AmbJohnBolton visits Moscow to talk possible US-Russia summit @ShepNewsTeam https://t.co/q1k8BHCj3W https://t.co/MODPY7wg2A,2018-06-27 19:59:43+00:00,72
0.7906,0.0,0.667,0.333,FoxNews,@FOXNews,"Sen. @ChuckGrassley, chairman of @senjudiciary, speaks after the announcement of Supreme Court Justice Kennedy's re‚Ä¶ https://t.co/ybqvasevub",2018-06-27 19:58:43+00:00,73
-0.3875,0.168,0.832,0.0,FoxNews,@FOXNews,North Korea continues construction of nuclear research facility despite agreement to 'denuclearize': report https://t.co/jmGYjmVDpv,2018-06-27 19:50:04+00:00,74
0.8176,0.0,0.679,0.321,FoxNews,@FOXNews,"Supreme Court Justice Kennedy in his retirement letter to @POTUS: ""For a member of the legal profession it is the h‚Ä¶ https://t.co/hFqMcH8XcJ",2018-06-27 19:41:06+00:00,75
-0.3818,0.148,0.852,0.0,FoxNews,@FOXNews,Kennedy replacement could face battles seen by the hotly contested nominations of Bork and Thomas. https://t.co/NkZZl3fR3L,2018-06-27 19:31:02+00:00,76
0.0,0.0,1.0,0.0,FoxNews,@FOXNews,".@SenSchumer: ""Our Republican colleagues in the Senate should follow the rule they set in 2016: not to consider a S‚Ä¶ https://t.co/0YuO4g9srk",2018-06-27 19:29:01+00:00,77
0.7906,0.0,0.632,0.368,FoxNews,@FOXNews,Supreme Court Justice Anthony Kennedy released this statement Wednesday after announcing his retirement.‚Ä¶ https://t.co/pQWz7XYB7u,2018-06-27 19:20:00+00:00,78
0.7906,0.0,0.72,0.28,FoxNews,@FOXNews,"Chris Wallace on Justice Kennedy's retirement and the next Supreme Court pick: ""I think this is the biggest moment‚Ä¶ https://t.co/EQiWkTYJu7",2018-06-27 19:16:10+00:00,79
0.8519,0.0,0.632,0.368,FoxNews,@FOXNews,".@SenateMajLdr on Justice Kennedy retiring: ""Today the Senate and the nation thank Justice Kennedy for his years of‚Ä¶ https://t.co/BqOAYAW39y",2018-06-27 19:08:26+00:00,80
-0.3336,0.253,0.594,0.153,FoxNews,@FOXNews,"President @realDonaldTrump on immigration: ""We believe in very strong borders, no crime. And the Democrats believe‚Ä¶ https://t.co/g3kBid4vX0",2018-06-27 19:01:47+00:00,81
0.3612,0.0,0.872,0.128,FoxNews,@FOXNews,"President @realDonaldTrump on meeting with Vladimir Putin: ""It would look like we will probably be meeting sometime‚Ä¶ https://t.co/VVuUqncwry",2018-06-27 18:59:43+00:00,82
0.0,0.0,1.0,0.0,FoxNews,@FOXNews,"President @realDonaldTrump on immigration: ""We believe that families should be together."" https://t.co/Rdhl3AQGWv",2018-06-27 18:57:04+00:00,83
0.0,0.0,1.0,0.0,FoxNews,@FOXNews,"President @realDonaldTrump: ""We have a list of 25 people that I actually had during my election.""‚Ä¶ https://t.co/Jg9saPTf1E",2018-06-27 18:52:29+00:00,84
0.7269,0.0,0.711,0.289,FoxNews,@FOXNews,"President @realDonaldTrump on Justice Kennedy retiring: ""Hopefully we're gonna pick somebody who will be as outstan‚Ä¶ https://t.co/3Df7Rh5Gpu",2018-06-27 18:51:26+00:00,85
0.8625,0.0,0.625,0.375,FoxNews,@FOXNews,"President @realDonaldTrump on Justice Kennedy retiring: ""We will begin our search for a new justice of the United S‚Ä¶ https://t.co/kg0zzcBlS4",2018-06-27 18:49:45+00:00,86
0.6597,0.0,0.735,0.265,FoxNews,@FOXNews,"President @realDonaldTrump on Justice Kennedy retiring: ""He is a man who has displayed tremendous vision and tremen‚Ä¶ https://t.co/Wr8WzbxJZD",2018-06-27 18:45:40+00:00,87
0.5267,0.0,0.833,0.167,FoxNews,@FOXNews,"President @realDonaldTrump on Justice Kennedy retiring: ""He's a man that I've known for a long time and a man that‚Ä¶ https://t.co/VTE5XuJPMs",2018-06-27 18:43:37+00:00,88
0.0,0.0,1.0,0.0,FoxNews,@FOXNews,".@SenateMajLdr: ""It's imperative that @POTUS' nominee be considered fairly and not subjected to personal attacks.""‚Ä¶ https://t.co/xJChrD9tC3",2018-06-27 18:41:24+00:00,89
0.7351,0.0,0.733,0.267,FoxNews,@FOXNews,".@SenateMajLdr: ""As in the case of Justice Gorsuch, senators will have the opportunity to meet with @POTUS' nominee‚Ä¶ https://t.co/YIL0l6JHaT",2018-06-27 18:39:56+00:00,90
0.7579,0.0,0.649,0.351,FoxNews,@FOXNews,.@POTUS speaks as Justice Anthony Kennedy says he's retiring effective July 31. https://t.co/7Do7LBbAzT  https://t.co/N78qS5Orid,2018-06-27 18:39:10+00:00,91
0.6486,0.0,0.675,0.325,FoxNews,@FOXNews,".@SenateMajLdr: ""We will vote to confirm Justice Kennedy's successor this fall."" https://t.co/7Do7LBbAzT https://t.co/tnxDRWAfdx",2018-06-27 18:38:12+00:00,92
0.743,0.0,0.673,0.327,FoxNews,@FOXNews,".@SenateMajLdr: ""The Senate stands ready to fulfill its constitutional role by offering advice and consent on Presi‚Ä¶ https://t.co/Y3SuRrRslS",2018-06-27 18:37:22+00:00,93
0.7269,0.0,0.747,0.253,FoxNews,@FOXNews,".@SenateMajLdr: ""As Justice Kennedy concludes his tenure on the court, we wish him, his wife Mary and their family‚Ä¶ https://t.co/opa1tx9wTQ",2018-06-27 18:35:39+00:00,94
0.8519,0.0,0.632,0.368,FoxNews,@FOXNews,"Chris Wallace on Justice Kennedy retiring: ""A Supreme Court nominee can either be a huge legacy builder for a presi‚Ä¶ https://t.co/30pMea3hUI",2018-06-27 18:32:41+00:00,95
0.6124,0.0,0.722,0.278,FoxNews,@FOXNews,"Chris Wallace on Justice Kennedy retiring: ""Replacing him with a solid conservative is enormously important.""‚Ä¶ https://t.co/A2qQOmui4P",2018-06-27 18:28:52+00:00,96
0.5267,0.0,0.702,0.298,FoxNews,@FOXNews,Justice Kennedy announces plan to retire https://t.co/7Do7LBbAzT @dailybriefing https://t.co/SVSrt1St0V,2018-06-27 18:23:27+00:00,97
0.5267,0.0,0.673,0.327,FoxNews,@FOXNews,Justice Kennedy announces plan to retire https://t.co/7Do7LBbAzT https://t.co/9qB5Mn3u41,2018-06-27 18:17:04+00:00,98
0.8779,0.0,0.598,0.402,FoxNews,@FOXNews,Supreme Court Justice Anthony Kennedy says he's retiring effective July 31. Kennedy stepping down would mark a seco‚Ä¶ https://t.co/O7D0XkDXsw,2018-06-27 18:12:07+00:00,99
0.7906,0.0,0.562,0.438,FoxNews,@FOXNews,BREAKING NEWS: Supreme Court Justice Anthony Kennedy to retire. https://t.co/7Do7LBbAzT https://t.co/3BWyEvTm8k,2018-06-27 18:08:38+00:00,100
